slank,formal
"abal""",abal-abal
abal2,abal-abal
abanggg,abang
abg,abang
abanggku,abangku
abgnya,abangnya
abgnyaah,abangnya
acra,acara
d,ada
ad,ada
da,ada
add,ada
adaa,ada
ada2,ada-ada
adkah,adakah
adlh,adalah
adl,adalah
is,adalah
adengan,adegan
adeeek,adek
ade,adek
dedek,adek
dede,adek
debay,adek bayi
adek2,adek-adek
adenya,adeknya
adekx,adeknya
dedeknya,adeknya
adyem,adem
ademmm,adem
ademm,adem
adiik,adik
mimin,admin
hadeuh,aduh
aduuhhh,aduh
aduhh,aduh
adeuh,aduh
haddeh,aduh
hadeehh,aduh
hadeuuh,aduh
aduhhhhhhhhh,aduh
aduhhh,aduh
hedeuuhh,aduh
hadeeehhh,aduh
haduh,aduh
hadeuuhhhh,aduh
hadeeuh,aduh
haduuuh,aduh
aduuhhhh,aduh
aduuh,aduh
aduuhh,aduh
aduuuh,aduh
agk,agak
agma,agama
agama'ny,agamanya
agan2,agan-agan
aaaaahhhh,ah
ahhh,ah
ahhhh,ah
ahh,ah
aahh,ah
aaaaaaakkk,ah
aaahh,ah
arghhh,ah
aer,air
ajaibb,ajaib
ajaibbbbb,ajaib
ajarin,ajarkan
ajibb,ajib
akn,akan
akhrt,akhirat
akhirt,akhirat
akhlah,akhlak
akuuu,aku
akau,aku
aq,aku
ak,aku
aqu,aku
q,aku
alu,aku
eyke,aku
akuu,aku
akuh,aku
akuhh,aku
akuuuur,akur
ala2,ala-ala
halahh,alah
elahh,alah
yaelahhh,alah
elaaaahhhh,alah
aelah,alah
alamii,alami
alaami,alami
alamiii,alami
alkhamdulilah,alhamdulillah
alhamdulillaaaaah,alhamdulillah
alhamd,alhamdulillah
alissnyaa,alisnya
alloh,allah
allahhhhhhh,allah
awoohhh,allah
allaahh,allah
aloh,allah
allahh,allah
allahhhh,allah
alm,almarhum
almh,almarhumah
amad,amat
amaattt,amat
amatt,amat
ngambekan,ambekan
amiend,amien
amiien,amien
amienn,amien
amiennn,amien
amiennnn,amien
aamien,amien
aminn,amin
amiin,amin
aamiin,amin
amiiinn,amin
amiiiin,amin
aminnn,amin
ameen,amin
aminnnn,amin
amiiinnn,amin
amiiin,amin
aaaammmiiiinnnn,amin
aminnnnn,amin
amiiinnnn,amin
amiiiiinnnnn,amin
amiinnnn,amin
aaamin,amin
amiiiiiiiiiinnnnnnn,amin
amiiiiiiiiiiin,amin
amen,amin
ammiiin,amin
amiinn,amin
ammin,amin
amiiiiiiiiiiiiiiiiin,amin
amiinnn,amin
aamiinin,amin
amiiiiin,amin
amiiiiinnn,amin
aamiinnn,amin
aamiiin,amin
aamin,amin
aamiiiiinnn,amin
aaamiiinnn,amin
aaamiiin,amin
aamiiiinnnnn,amin
aminnnn2,amin-amin
amin2,amin-amin
aminn2,amin-amin
amit2,amit-amit
amploppp,amplop
ampuunn,ampun
ampunnnn,ampun
ampunnnnn,ampun
ampuuunn,ampun
ampuun,ampun
amfun,ampun
infpyunnnn,ampun
ampuuun,ampun
ampunn,ampun
ampyunnnn,ampun
ank,anak
ank2,anak-anak
anak2,anak-anak
"anak""",anak-anak
"ank""",anak-anak
anak2mu,anak-anakmu
anak2nya,anak-anaknya
ank2nya,anak-anaknya
anak2e,anak-anaknya
anakny,anaknya
anknya,anaknya
ankx,anaknya
anakx,anaknya
anak'y,anaknya
ankknyaaa,anaknya
"FOLLOW? MY IG: @algaeslovania_premiumskincare1  WA:081210238087""",anaptiksis
"WA:081210238087""",anaptiksis
andaaa,anda
anehhh,aneh
aneh2,aneh-aneh
njayyy,anjay
anjaayy,anjay
njay,anjay
anjayyyy,anjay
anjaaaayyyyyy,anjay
jing,anjing
anyeng,anjing
anjjjjjjjj,anjing
anj,anjing
anjingnyaa,anjingnya
njir,anjir
njerr,anjir
njirr,anjir
anjirrrr,anjir
njiirr,anjir
wanjerrr,anjir
anjirrr,anjir
njirrr,anjir
anjirr,anjir
ahahahanjirrr,anjir
wanjiir,anjir
njrittt,anjir
annnnjjjjjjrrrr,anjir
jirr,anjir
jirrrr,anjir
anterin,antar
anugrah,anugerah
pa,apa
apaaa,apa
epe,apa
apah,apa
ape,apa
ap,apa
apaa,apa
apo,apa
appa,apa
apaaan,apaan
apa2,apa-apa
"apa""",apa-apa
pa2,apa-apa
apa2nya,apa-apanya
apain,apai
palgi,apalagi
apalg,apalagi
apalai,apalagi
apalgi,apalagi
apalagiii,apalagi
apaalahh,apalah
apun,apapun
apasihhh,apasih
apikkkk,apik
uuuuuaaaaaaaaaappppppppppiiiiiiiiiiiiiiiiiikkkkkkkkkkkkkkkk,apik
aplks,aplikasi
applikasi,aplikasi
apk,aplikasi
app,aplikasi
apl,aplikasi
apknya,aplikasi
appnya,aplikasi
apps,aplikasi
aplikasix,aplikasi
aplikasiny,aplikasi
application,aplikasi
aplication,aplikasi
aplications,aplikasi
appl,aplikasi
aplikation,aplikasi
aplikasih,aplikasi
aplikas,aplikasi
apliaksi,aplikasi
arab2,arab-arab
artix,artinya
artis2,artis-artis
"artis""",artis-artis
"artist""",artis-artis
artisnyaa,artisnya
asikkk,asik
azeeeek,asik
azekkkk,asik
uaaasssiiiik,asik
asliii,asli
asliiii,asli
asliiiii,asli
aslinyo,aslinya
stagahhhh,astaga
astagaa,astaga
astagaaaa,astaga
astagaaaaaa,astaga
astagaaa,astaga
astagaaaaaaaa,astaga
wuastagah,astaga
astgfrullah,astagfirullah
astagfirrullah,astagfirullah
astgfrlh,astagfirullah
astagfirullh,astagfirullah
astafirullah,astagfirullah
astauviruloh,astagfirullah
asuuu,asu
asyikkkkk,asyik
ats,atas
taz,atas
atassss,atas
atassan,atasan
ato,atau
atw,atau
atmny,atm
atuhhh,atuh
atuhh,atuh
aurot,aurat
awk,awak
awl,awal
awal2,awal-awal
awaas,awas
ayahh,ayah
ayoook,ayo
ayoo,ayo
ayooo,ayo
ayoooo,ayo
yoo,ayo
ayoookkkkkk,ayo
ayuk,ayo
ayooook,ayo
ayoklaa,ayolah
azaab,azab
bc,baca
bca,baca
bacaaaa,baca
baca2,baca-baca
bacahalah,bacalah
bacotin,bacoti
badaaiii,badai
badaii,badai
bdan,badan
bdn,badan
gimna,bagaimana
gmn,bagaimana
bagaimna,bagaimana
gmana,bagaimana
bgmn,bagaimana
gimana,bagaimana
gmna,bagaimana
bgmana,bagaimana
bgmna,bagaimana
gimanaaaa,bagaimana
himana,bagaimana
gimanaa,bagaimana
bagaimanaaa,bagaimana
gimn,bagaimana
gmanapun,bagaimanapun
bagiii,bagi
bgi,bagi
bagi2,bagi-bagi
bagiin,bagikan
baguuuuus,bagus
bgs,bagus
baguusss,bagus
bgus,bagus
bagusss,bagus
baguuus,bagus
bgussss,bagus
baguss,bagus
bagussss,bagus
bagus2,bagus-bagus
bagusnyeee,bagusnya
bhagia,bahagia
bhgia,bahagia
bhagaia,bahagia
bhn,bahan
bhnya,bahannya
bhas,bahas
bhs,bahasa
bahas2,bahas-bahas
bhkn,bahkan
bhwa,bahwa
bhw,bahwa
baaiikkk,baik
baek,baik
baikk,baik
bae2,baik-baik
baek2,baik-baik
baik2,baik-baik
baik2nya,baik-baiknya
baikxa,baiknya
bazengg,bajingan
bju,baju
baju2,baju-baju
baju'a,bajunya
baju.a,bajunya
bkal,bakal
bkln,bakalan
bakar2in,bakar-bakari
bakattt,bakat
ngebala,bala
bls,balas
bales,balas
bales2in,balas-membalas
walik,balik
blik,balik
bandingin,bandingkan
bnk,bang
bangg,bang
bg,bang
bng,bang
baang,bang
banx,bang
baaaaaang,bang
bgt,banget
bangett,banget
bngt,banget
bangettt,banget
bingitsss,banget
bgttt,banget
bangat,banget
bingiit,banget
bat,banget
bet,banget
bingiiittttzzzz,banget
bangeettt,banget
bnget,banget
bgtt,banget
bgtttt,banget
bangetttt,banget
banger,banget
bngtt,banget
nged,banget
bangeett,banget
binggo,banget
bangetttttyt,banget
bangettttt,banget
bngettt,banget
bingit,banget
bngett,banget
bangeet,banget
banged,banget
bgd,banget
bangeeet,banget
baget,banget
bagaatt,banget
banhet,banget
bgttttttt,banget
bngtzt,banget
bingits,banget
begete,banget
bingittzz,banget
bangets,banget
buanget,banget
bget,banget
baanggeettt,banget
nget,banget
ngets,banget
bangeeeet,banget
bngetttt,banget
bgect,banget
beut,banget
bngttt,banget
batwc,banget
bgettt,banget
bangetttttt,banget
bangt,banget
bangeeettt,banget
bngeeeetttt,banget
aned,banget
bangettttttt,banget
bingiittt,banget
babget,banget
beudd,banget
ngettt,banget
beud,banget
bets,banget
bngatt,banget
bangrt,banget
bhet,banget
bangetttttttt,banget
bangget,banget
bettt,banget
bangeeeeetttt,banget
banggett,banget
bngeet,banget
nanget,banget
aneut,banget
bgtttttttt,banget
battt,banget
bingiiittzz,banget
bngtttt,banget
bngy,banget
bangeer,banget
baanget,banget
ngetsz,banget
bingitt,banget
bangedd,banget
bingitss,banget
bangedt,banget
anedh,banget
bingitzzzz,banget
aneed,banget
"bangt""",banget-banget
banggain,banggakan
bnggain,banggakan
bangke,bangkai
bngkit,bangkit
bangkret,bangkrut
bangcat,bangsat
bangshad,bangsat
bngun,bangun
bgun,bangun
bngunlah,bangunlah
perban,bank
bang,bank
bangk,bank
ban,bank
bante,bantai
bntu,bantu
bantuim,bantu
bantuanny,bantuannya
bnyak,banyak
bnyk,banyak
byk,banyak
banyaaaaaak,banyak
banyaaaak,banyak
byak,banyak
banyaak,banyak
buanyaaak,banyak
banyak2,banyak-banyak
bpkmu,bapakmu
bpknya,bapaknya
baraang,barang
barang2,barang-barang
brangnya,barangnya
berbiiiiiihhh,barbie
brg,bareng
barengg,bareng
"brg""",bareng-bareng
bru,baru
br,baru
baruu,baru
baharu,baru
baru2,baru-baru
batesin,batasi
batikk,batik
bawak,bawa
bw,bawa
baperr,bawa perasaan
baper,bawa perasaan
bapeeeer,bawa perasaan
bape,bawa perasaan
bapeerr,bawa perasaan
"bwa""",bawa-bawa
"bawa""",bawa-bawa
bawa2,bawa-bawa
bayangin,bayangkan
pay,bayar
pembayarn,bayar
payment,bayar
byaran,bayaran
bbrp,beberapa
bbrpa,beberapa
bebrp,beberapa
bedaa,beda
bedaaa,beda
beda2,beda-beda
bedanyaaa,bedanya
gini,begini
gni,begini
bgini,begini
ginii,begini
beginiiii,begini
gn,begini
bgni,begini
giniii,begini
gnii,begini
geneeee,begini
beginii,begini
ginian,beginian
giniin,beginikan
gitu,begitu
gtu,begitu
gituuu,begitu
gituh,begitu
gthu,begitu
bgtu,begitu
gt,begitu
gtuu,begitu
geetoo,begitu
gituu,begitu
bgitu,begitu
gtuh,begitu
bgtuu,begitu
giti,begitu
giitu,begitu
gituuuuu,begitu
gituan,begituan
gitu2,begitu-gitu
"gtu""",begitu-gitu
gtu2,begitu-gitu
"gtu""an",begitu-gituan
gituin,begitukan
gitulah,begitulah
begok,bego
blajar,belajar
bljr,belajar
blkng,belakang
blkang,belakang
belanjaa,belanja
blnja,belanja
bli,beli
bli2n,beli-belikan
beliin,belikan
beliiin,belikan
blm,belum
blom,belum
belooomm,belum
blim,belum
belom,belum
beluumm,belum
blum,belum
benet,benar
bnerr,benar
bner,benar
bener,benar
bnr,benar
benerr,benar
benneeeeeerr,benar
beneran,benaran
bnern,benaran
beneraan,benaran
bnran,benaran
bneraan,benaran
benetaran,benaran
bneran,benaran
bnrn,benaran
bener2,benar-benar
benar2,benar-benar
"bener""",benar-benar
bnr2,benar-benar
"benar""",benar-benar
"bner""",benar-benar
bner2,benar-benar
benda2,benda-benda
bengkak2,bengkak-bengkak
bentarr,bentar
bntar,bentar
bntr,bentar
bradegan,beradegan
boker,berak
berangat,berangkat
brani,berani
berani2,berani-berani
branjak,beranjak
brantem,berantem
brp,berapa
brpa,berapa
brapa,berapa
berarto,berarti
brrt,berarti
brrti,berarti
berati,berarti
brarti,berarti
brasa,berasa
beratttttttt,berat
brbakti,berbakti
berbakiti,berbakti
berbeda2,berbeda-beda
brbuat,berbuat
bcnda,bercanda
bdampingan,berdampingan
brdiri,berdiri
brdua,berdua
ber2,berdua
bedua,berdua
b2,berdua
b2an,berduaan
ber'expresi,berekspresi
berenanh,berenang
bres,beres
bergunaa,berguna
brhasil,berhasil
stak,berhenti
berhijap,berhijab
bhijab,berhijab
brhjb,berhijab
brisi,berisi
brita,berita
britanya,beritanya
bejilbbnya,berjilbabnya
brjdh,berjodoh
brjodoh,berjodoh
jogetin,berjoget
berkluarga,berkeluarga
brkunjun,berkunjung
blakon,berlakon
bermaksut,bermaksud
mansetan,bermanset
brpndapat,berpendapat
berfikir,berpikir
brsma,bersama
brsama,bersama
basodaraa,bersaudara
brsyukur,bersyukur
nambah,bertambah
nmbah,bertambah
nambahh,bertambah
nanya,bertanya
bertatto,bertato
temenan,berteman
brtngkar,bertengkar
b3,bertiga
bertolernsi,bertoleransi
brubah,berubah
berntung,beruntung
beruntungnyaaaa,beruntungnya
brusaha,berusaha
berjinah,berzina
"besar""",besar-besar
besar2an,besar-besaran
besar2in,besar-besarkan
bsk,besok
bsok,besok
besook,besok
besokkk,besok
betuuuuulllllllllllllllll,betul
btul,betul
btulan,betulan
betul2,betul-betul
biarin,biarkan
biasahhh,biasa
biasaa,biasa
biasaaaa,biasa
biasaaa,biasa
biasa2,biasa-biasa
bijak2,bijak-bijak
bkin,bikin
bikinin,bikin
bkn,bikin
bijin,bikin
bikinnn,bikin
blg,bilang
blng,bilang
bilangg,bilang
bilangin,bilang
bilanh,bilang
bilng,bilang
"bilang""",bilang-bilang
bilang2,bilang-bilang
bird,biru
biri,biru
bs,bisa
bisaa,bisa
bisaaa,bisa
bsa,bisa
bz,bisa
biza,bisa
bisax,bisanya
bolang,bocah petualang
bodhooo,bodoh
bodhoo,bodoh
bo'ong,bohong
boong,bohong
mboizzz,bois
leh,boleh
bole,boleh
bleh,boleh
bol3h,boleh
blh,boleh
lh,boleh
le,boleh
boleh2,boleh-boleh
goncengin,boncengkan
boro2,boro-boro
boss,bos
bosen,bosan
bosaan,bosan
bosen2,bosan-bosan
botakkkk,botak
hotak,botak
botakin,botaki
brayyy,bray
brengsekk,brengsek
bronis,brondong manis
bwt,buat
bt,buat
buatin,buatkan
bujngn,bujangan
bujukk,bujuk
bka,buka
bukak,buka
buka2,buka-buka
buka2an,buka-bukaan
bukn,bukan
bkan,bukan
bukan'a,bukannya
bukti2,bukti-bukti
buktiin,buktikan
buktinyaaa,buktinya
bln,bulan
blln,bulan
bulet,bulat
buuun,bun
bund,bunda
bundaaaa,bunda
bnda,bunda
bundaa,bunda
bundaaa,bunda
bungggg,bung
bunga2,bunga-bunga
bungkuuuuuuuuusss,bungkus
bungkuuussss,bungkus
bungkusin,bungkuskan
burem,buram
buruannn,buruan
buruann,buruan
busedh,buset
buseett,buset
btuh,butuh
cabe2,cabe-cabe
cabe2an,cabe-cabean
cabol,cabul
cali,caci
cadasss,cadas
cakepp,cakep
cakeeeeppp,cakep
cakeep,cakep
cmkn,camkan
cmpur,campur
syantik,cantik
cantiik,cantik
ntik,cantik
cantikkk,cantik
cntik,cantik
cantikkkk,cantik
cantikk,cantik
cantiiik,cantik
cantiiiiiiik,cantik
catiiiiik,cantik
cantiq,cantik
cantiikkkk,cantik
cans,cantik
cantikkkm,cantik
canttttikkk,cantik
cantika,cantik
cantiks,cantik
cntk,cantik
cantiikk,cantik
ntikk,cantik
canttikkk,cantik
cuaantik,cantik
canteek,cantik
cantiiiik,cantik
syantiiiiikkkkkkkkkkkk,cantik
canti,cantik
cantikkkkkkkk,cantik
cantiiikk,cantik
cannnnntikkkkkkk,cantik
syantiek,cantik
cuantikkk,cantik
cntikk,cantik
cantikkkkkk,cantik
cuanti,cantik
cuaaantikk,cantik
canyk,cantik
cantiiillx,cantik
cantiiiikk,cantik
cannntikk,cantik
cuantik,cantik
cantiiikkk,cantik
cantip,cantik
cantikkkkk,cantik
cntiiikkk,cantik
cantix,cantik
cantiqs,cantik
caantiiik,cantik
caaannnttiikkk,cantik
cuantek,cantik
cantk,cantik
canci,cantik
cntikan,cantikan
cantiik2,cantik-cantik
cantik2,cantik-cantik
cantik2nya,cantik-cantiknya
cntiknya,cantiknya
cantiknnnnyaaaaaaa,cantiknya
cantiknyaaa,cantiknya
cantinya,cantiknya
cantikx,cantiknya
cantiknyaa,cantiknya
cantiknyaaaaa,cantiknya
capee,cape
cape,capek
cr,cara
caranga,caranya
cri,cari
cari2,cari-cari
cariin,carikan
catokin,catok
cek2,cek-cek
ceklist,ceklis
cd,celana dalam
cemburuu,cemburu
ceemen,cemen
cempreeng,cempreng
centillll,centil
centilnyaaaaaa,centilnya
cpt,cepat
cepet,cepat
cpet,cepat
cepetan,cepatan
cepet2,cepat-cepat
cerdass,cerdas
cerdiik,cerdik
critamu,ceritamu
ceritax,ceritanya
cw,cewek
cwek,cewek
cew,cewek
cewe,cewek
cwe,cewek
cwnya,ceweknya
choker2,choker-choker
ciyeeeeeee,cie
ciyeeee,cie
cieeeee,cie
ciee,cie
ciieeeeeee,cie
ciiieee,cie
cieee,cie
cieeee,cie
cino,cina
cinggirnyaaaa,cinggirnya
cintaaaaaaa,cinta
cyiiin,cinta
cyin,cinta
cintax,cintanya
ciptain,ciptakan
cita2,cita-cita
ciuuuummmm,cium
tium,cium
ciumman,ciuman
cobaa,coba
cb,coba
cobaaaa,coba
cba,coba
cobain,coba
cobaaa,coba
cobak,coba
cocokk,cocok
cooocok,cocok
cocokkk,cocok
cocokkkk,cocok
cock,cocok
cucokkk,cocok
ccok,cocok
coxok,cocok
cooooooocok,cocok
cucok,cocok
cocookk,cocok
cocokkkkk,cocok
coccokk,cocok
cuchook,cocok
cocook,cocok
cuco,cocok
cocokny,cocoknya
cocokx,cocoknya
coeggg,coeg
"coret""",coret-coret
co,cowok
cwo,cowok
cow,cowok
cowo,cowok
cwok,cowok
cogan,cowok ganteng
coyyy,coy
ckup,cukup
ckp,cukup
cukurrr,cukur
cm,cuma
cma,cuma
cums,cuma
cuman,cuma
cmn,cuman
cumn,cuman
cman,cuman
curhat2,curhat-curhat
cuyyy,cuy
cuyy,cuy
daah,dah
dahhhh,dah
dahh,dah
dh,dah
daaah,dah
dasyat,dahsyat
dlm,dalam
dlam,dalam
dallam,dalam
dalem2,dalam-dalam
dalil2,dalil-dalil
dn,dan
dapet,dapat
dpt,dapat
dptkan,dapatkan
dptnya,dapatnya
dr,dari
dri,dari
drii,dari
drimana,darimana
drmn,darimana
drimnanya,darimananya
drpd,daripada
dripada,daripada
darpada,daripada
dripda,daripada
drpada,daripada
dasarrr,dasar
dsar,dasar
dasaar,dasar
dsr,dasar
dsrny,dasarnya
dateng,datang
dteng,datang
dtg,datang
dtgkan,datangkan
deg2an,deg-degan
dhe,deh
dehhhh,deh
daaaah,deh
dech,deh
dehh,deh
dwh,deh
dah,deh
dehhh,deh
de,deh
deeh,deh
deeek,dek
dekkk,dek
dee,dek
dekk,dek
deket,dekat
dekt,dekat
dket2in,dekat-dekati
deketin,dekati
dgn,dengan
dg,dengan
dngan,dengan
dng,dengan
denger,dengar
dgr,dengar
dengerin,dengarkan
dengeeriin,dengarkan
dpn,depan
dewassa,dewasa
dwsa,dewasa
dhi,di
fi,di
do,di
dii,di
ddlm,di dalam
dy,dia
diaa,dia
dya,dia
dieee,dia
diaaa,dia
diajarin,diajari
diakibtkn,diakibatkan
diem,diam
diemm,diam
"diam""",diam-diam
diemin,diamkan
diamkn,diamkan
dianterin,diantar
dianter,diantar
d.apa,diapa
diapa2in,diapa-apai
diapain,diapakan
dibls,dibalas
dbnding,dibanding
dibangga'in,dibangga-banggakan
dibanggain,dibanggakan
dibnggain,dibanggakan
dbwh,dibawah
diginikan,dibeginikan
diginiin,dibeginikan
digituin,dibegitukan
dblkang,dibelakang
dblkng,dibelakang
dibiarin,dibiarkan
d.bikinin,dibikin
dibikin2,dibikin-bikin
dbuat,dibuat
dcintai,dicintai
ddpt,didapat
ddpat,didapat
didapet,didapat
didatengin,didatangi
didengerin,didengarkan
difotoin,difoto
digambarin,digambarkan
digabtikan,digantikan
dihh,dih
diihhhh,dih
dihpus,dihapus
dhpusin,dihapuskan
dihargain,dihargai
diindonesis,diindonesia
diingetin,diingatkan
dijadiin,dijadikan
dijkt,dijakarta
dijwb,dijawab
dijelekin,dijelekkan
diksi,dikasih
dikatain,dikatai
dibkatakan,dikatakan
dikata2in,dikata-katai
dikemanain,dikemanakan
dikerasin,dikerasi
dkuburnya,dikuburnya
diladenin,diladeni
dilepas2,dilepas-lepas
diliat,dilihat
diliatnya,dilihatnya
dilindungin,dilindungi
diluangin,diluangkan
dluar,diluar
diluarann,diluaran
dmn,dimana
dmana,dimana
dmna,dimana
"dimana""",dimana-mana
dimarahin,dimarahi
dimasukin,dimasuki
dimao,dimau
dimusiumin,dimuseumkan
dinamakn,dinamakan
"dingin""",dingin-dingin
dinyanyiin,dinyanyikan
dpke,dipakai
dipake,dipakai
dipermainin,dipermainkan
dipikirin,dipikirkan
dipojokin,dipojokkan
dposisi,diposisi
dpotong,dipotong
dipuja2,dipuja-puja
diputusin,diputuskan
dirimuuu,dirimu
dirmh,dirumah
dirumahny,dirumahnya
dsana,disana
dsna,disana
disiniii,disini
dsni,disini
disni,disini
dsini,disini
dssi,disisi
dstu,disitu
disupirin,disopiri
sitayngin,ditayangkan
ditayangin,ditayangkan
ditengah2,ditengah-tengah
dtinggl,ditinggal
dtnggu,ditunggu
dtunggu,ditunggu
dtggu,ditunggu
dituutup,ditutup
ditutupin,ditutupi
diurusin,diurusi
doa2,doa-doa
doangam,doang
doank,doang
doaang,doang
dongg,dong
dooong,dong
donkk,dong
donk,dong
dunk,dong
donx,dong
dumsss,dong
donks,dong
doong,dong
doonk,dong
dung,dong
dongggg,dong
dnk,dong
donggg,dong
dosaa,dosa
dosaaaaaaaaaa,dosa
dosa2mu,dosa-dosamu
dosax,dosanya
dramaa,drama
22nya,dua-duanya
dua2nya,dua-duanya
duanyaa,duanya
duetin,duet
duhh,duh
duuhhh,duh
deuhh,duh
duhhhhh,duh
duuhh,duh
duhhh,duh
duuuhh,duh
duuhhhhh,duh
duuuhhh,duh
uitnya,duitnya
duluu,dulu
dlu,dulu
doeloe,dulu
dl,dulu
duluuu,dulu
dulurrr,dulur
dureen,duren
durhaka2,durhaka-durhaka
edaaan,edan
edaaaan,edan
edannn,edan
edaaann,edan
editannn,editan
eeeehhhh,eh
ehh,eh
ehhh,eh
hehh,eh
eey,eh
eehhh,eh
eeeeh,eh
expresi,ekspresi
eksprsi,ekspresi
elus2,elus-elus
emk,emak
ema,emak
emak2,emak-emak
emakx,emaknya
mbuh,embuh
money,emoney
enk,enak
wenakk,enak
wenak,enak
enakkkkk,enak
ncek,encek
ngeh,engah
nggeh,engah
ngeuh,engah
kokohh,engkoh
ntah,entah
entahhh,entah
ntar,entar
ntr,entar
tar,entar
entr,entar
tot,entot
eror,error
masalah,error
erorr,error
masala,error
masalhnya,error
erorrr,error
eroorr,error
eroor,error
euyyyyy,euy
fakta2,fakta-fakta
fakultass,fakultas
pans,fan
ngefans,fan
ngfans,fan
fans,fan
fatanik,fanatik
fans2,fan-fan
fav,favorit
favoriteeee,favorit
fillm,film
pilm,film
flm,film
filmny,filmnya
flim.a,filmnya
fiturnya,fitur
fiture,fitur
piturna,fitur
pitur,fitur
piturnya,fitur
fto,foto
fhoto,foto
fotbar,foto bareng
fto2,foto-foto
foto2,foto-foto
"foto""",foto-foto
foto2nya,foto-fotonya
fhotonya,fotonya
fotony,fotonya
gadiss,gadis
gagahx,gagahnya
gajelas,gaje
tidak jelas,gaje
gambarin,gambarkan
gmpg,gampang
gndakan,gandakan
gantengg,ganteng
gantenggg,ganteng
gantng,ganteng
gans,ganteng
nganteng,ganteng
ganteung,ganteng
ganteeeeng,ganteng
gantheng,ganteng
guanteng,ganteng
ginting,ganteng
gantweng,ganteng
ganteng2,ganteng-ganteng
gantengkuuuuuu,gantengku
gantengnyaaaa,gantengnya
gnti,ganti
gara2,gara-gara
gara'',gara-gara
gra2,gara-gara
"gara""",gara-gara
grgr,gara-gara
gr2,gara-gara
garemin,garami
garuk2,garuk-garuk
gawl,gaul
gawul,gaul
gya,gaya
gayany,gayanya
gayannxa,gayanya
gayax,gayanya
gebleg,geblek
gde,gede
gedeg,gedek
gegra,gegara
glembeeeer,gelambir
gemess,gemas
emessss,gemas
gemesshh,gemas
gemay,gemas
gemesss,gemas
emesshhh,gemas
gemeessss,gemas
gemes,gemas
gemmeeezzz,gemas
emeezzz,gemas
emeessss,gemas
emeshh,gemas
gemez,gemas
gemeeezzzz,gemas
gemezz,gemas
gemezzzz,gemas
gemesshzzzzhzzhzhzhsjssjs,gemas
gemesyak,gemas ya
gemesnya,gemasnya
genduut,gendut
ndut,gendut
genggg,geng
genittt,genit
geuliiiiiiis,geulis
geh,gih
gehh,gih
gilaaaa,gila
gilzz,gila
gilaaa,gila
gilakkkkkk,gila
gilak,gila
gokil,gila
gokill,gila
gokiiill,gila
gilaa,gila
gilsss,gila
gils,gila
gokillllll,gila
gilaaaaaa,gila
gokilll,gila
gilakkkkk,gila
geeelaakk,gila
gile,gila
gewlaaaaa,gila
gilakkk,gila
gokilnya,gilanya
gingsungny,gingsulnya
goblokkk,goblok
bloghhh,goblok
gossip2.an,gosip-gosipan
graaatiiiis,gratis
gratisss,gratis
gratiss,gratis
greged,greget
guaa,gua
guaaaaaaa,gua
gw,gue
guee,gue
w,gue
gueee,gue
guw,gue
gueeeee,gue
uwee,gue
gunaa,guna
grunya,gurunya
abizzzz,habis
abes,habis
abeees,habis
abis,habis
hbis,habis
abiz,habis
abizzz,habis
hbs,habis
abez,habis
abisss,habis
abiiiss,habis
abiiiiisssss,habis
abiss,habis
abs,habis
ngabisin,habis
abis2,habis-habis
hdpn,hadapan
hadirrr,hadir
hadirr,hadir
heii,hai
hay,hai
hy,hai
haiii,hai
hiii,hai
heeee,hai
haii,hai
halangin,halangi
hal2,hal-hal
hallo,halo
halllo,halo
hellooooooo,halo
helo,halo
helloo,halo
helooooo,halo
hallooo,halo
halooo,halo
halow,halo
hmpir,hampir
ancurrr,hancur
hancuuuuuy,hancur
ancur,hancur
hp,handphone
hpbsaya,handphone
hpnya,handphone
handphon,handphone
hnya,hanya
hny,hanya
apal,hapal
hpus,hapus
apus,hapus
uninstall,hapus
hapusin,hapuskan
hargs,harga
hiri,hari
hr,hari
hri,hari
hari2,hari-hari
hrs,harus
haru,harus
hrus,harus
kudu,harus
hrsny,harusny
hrsnya,harusnya
hrusnya,harusnya
hasilnyaaa,hasilnya
hslnya,hasilnya
haslnya,hasilnya
ht,hati
hatii,hati
hat,hati
hatiiii,hati
hati2,hati-hati
"hati""",hati-hati
ati2,hati-hati
"ati""",hati-hati
hati.a,hatinya
hayukk,hayo
hayuu,hayo
hayooo,hayo
hebatt,hebat
hebaat,hebat
hematt,hemat
hampasss,hempas
hempaass,hempas
hdk,hendak
hndak,hendak
hndk,hendak
"happi""",hepi-hepi
hidiyah,hidayah
idung,hidung
idungnya,hidungnya
hdup,hidup
hdp,hidup
hidupppp,hidup
hiduppp,hidup
idup,hidup
hiduupppp,hidup
hdpnya,hidupnya
idupnya,hidupnya
hidupx,hidupnya
hijaabbb,hijab
hijabb,hijab
hijap,hijab
ilang,hilang
hilangv,hilang
ilang2,hilang-hilang
"ilang""",hilang-hilang
ilang2an,hilang-hilangan
ilang-in,hilangkan
hgga,hingga
hngga,hingga
hiraukn,hiraukan
itungan,hitungan
hokiii,hoki
hotx,hotnya
hubngan,hubungan
hub,hubungan
hubunggi,hubungi
hujatann,hujatan
ibliss,iblis
ibu2,ibu-ibu
ibuk2,ibu-ibu
idamann,idaman
widihh,idih
idolaa,idola
idoolaaa,idola
ihhhhh,ih
ihh,ih
ihhh,ih
iiihhhhh,ih
ihhhh,ih
ikh,ih
iiih,ih
iih,ih
iiiiiiiii,ih
iiiihhhhhj,ih
iyuh,ih
iyuuuhhhh,ih
iyuuhhh,ih
iiii,ih
iiiiiiiiii,ih
iiihh,ih
iiihhhh,ih
iihh,ih
ijap,ijab
ikutin,ikuti
ikut2,ikut-ikut
ikut2an,ikut-ikutan
ilmh,ilmu
imutttttt,imut
imuuttt,imut
imuttzz,imut
imoet,imut
imuutt,imut
imutt,imut
imut2,imut-imut
indahhh,indah
ndak,indak
nda,indak
nd,indak
dak,indak
indefendet,independen
indo,indonesia
indonesiaaa,indonesia
indonesiaah,indonesia
indoneaia,indonesia
inget,ingat
inggat,ingat
ingt,ingat
ingeet,ingat
igtlah,ingatlah
inggrisny,inggrisnya
inghinn,ingin
ingi,ingin
inginkn,inginkan
ni,ini
inih,ini
iniw,ini
nii,ini
nie,ini
inii,ini
inia,ini
in,ini
iniiiii,ini
ne,ini
iniiiiiiiiiiiiiii,ini
inihhh,ini
iniii,ini
inni,ini
nee,ini
iniehh,ini
insonniaaa,insomnia
instal,install
pasang,install
nginstall,install
iriiiii,iri
iseng2,iseng-iseng
istiqomahhh,istikamah
istiqamah,istikamah
istiqomah,istikamah
istimewaaa,istimewa
ityl,itil
tu,itu
ituu,itu
it,itu
tuuu,itu
iu,itu
ituh,itu
ithu,itu
thu,itu
ituuuu,itu
ituuu,itu
itumahh,itumah
iyah,iya
iyaaa,iya
iyak,iya
iyha,iya
iaa,iya
iyaa,iya
iyap,iya
iyaap,iya
iyaaaa,iya
iyaappps,iya
iy,iya
iyh,iya
jdi,jadi
jd,jadi
jadu,jadi
jadii,jadi
jaadii,jadi
jdii,jadi
jadiin,jadikan
jadilh,jadilah
jd'y,jadinya
jdwl,jadwal
jagain,jaga
jkt,jakarta
jkrta,jakarta
jakety,jaketnya
jln,jalan
jalan2,jalan-jalan
jln2,jalan-jalan
"jalan""nya",jalan-jalannya
jamam,jaman
jadulnya,jaman dulunya
jaman2,jaman-jaman
jaman2nya,jaman-jamannya
jmnya,jamnya
jendess,janda
jendes,janda
jendesss,janda
jnda,janda
jgn,jangan
jan,jangan
jgan,jangan
jngan,jangan
jaaangan,jangan
jngn,jangan
jngnn,jangan
jng,jangan
jnagn,jangan
jangan2,jangan-jangan
"jangan""",jangan-jangan
jgn2,jangan-jangan
janka,jangka
jrang,jarang
jrnk,jarang
jari2,jari-jari
jatoh,jatuh
jatuhnyaa,jatuhnya
jauhhh,jauh
jauhh,jauh
jaoooh,jauh
jauuhhh,jauh
jauhin,jauhi
jwab,jawab
jwb,jawab
jwban,jawaban
jawabanny,jawabannya
jelase,jelas
jelashh,jelas
jels,jelas
jelasssss,jelas
jelas2,jelas-jelas
"jelas""",jelas-jelas
jls2,jelas-jelas
jlek,jelek
jelex,jelek
jelek2,jelek-jelek
jendral,jenderal
jeniuss,jenius
jerewi,jerawat
cewer,jewer
jidad,jidat
jk,jika
jilbb,jilbab
jlbb,jilbab
jilbabnyaah,jilbabnya
jilbabnye,jilbabnya
jilbabny,jilbabnya
jodohx,jodohnya
jodohny,jodohnya
mblooo,jomblo
mblo,jomblo
jombsss,jomblo
jorokkkk,jorok
jorookknya,joroknya
jdulnya,judulnya
judulnyaa,judulnya
jugaa,juga
ugaaa,juga
jugaaa,juga
jga,juga
jg,juga
uga,juga
jugaakk,juga
jugak,juga
ughaa,juga
jgk,juga
ugha,juga
jjur,jujur
jmpaaaa,jumpa
jungkiir,jungkir
justeru,justru
jt,juta
kobul,kabul
kacauuuu,kacau
kdg,kadang
kdng,kadang
kdang,kadang
kdg2,kadang-kadang
kafeh,kafe
kaga,kagak
kgak,kagak
kageet,kaget
kageeet,kaget
kh,kah
kha,kah
kaitannha,kaitannya
ka,kak
kaakk,kak
kaak,kak
k,kak
kaaa,kak
kakk,kak
kakkkkk,kak
kaaaa,kak
kakkk,kak
kaa,kak
kaaakk,kak
kakkkk,kak
kaaaaaaaaaakkkkkkkkkkk,kak
kaj,kak
kaaaaa,kak
k',kak
kx,kak
kaka,kakak
kk,kakak
kka,kakak
kkak,kakak
kakakkk,kakak
kakakgh,kakak
qaqaaaa,kakak
kakakaaaaaaaaaaaaaa,kakak
kaakaaaa,kakak
kakakuuu,kakakku
kakanya,kakaknya
kakanga,kakaknya
kakakny,kakaknya
kki,kaki
kalahnye,kalahnya
kklau,kalau
klw,kalau
klow,kalau
kl,kalau
klau,kalau
klu,kalau
kakau,kalau
kalw,kalau
klauu,kalau
kalu,kalau
lw,kalau
keles,kali
kaliii,kali
kalii,kali
kli,kali
kale,kali
x,kali
kalik,kali
kaliiii,kali
kalli,kali
kaliiiiiii,kali
kelus,kali
kaleee,kali
kaliannnnnn,kalian
kaliannnnnm,kalian
kaliannnnnnn,kalian
klian,kalian
klen,kalian
xlian,kalian
kln,kalian
kellen,kalian
kaliiin,kalian
kaliann,kalian
kaliannn,kalian
kaliaan,kalian
kaloo,kalo
klo,kalo
kalok,kalo
kallo,kalo
kll,kalo
klok,kalo
kalogak,kalo tidak
kmar,kamar
kmi,kami
km,kami
kamiiii,kami
kampungn,kampungan
kamo,kamu
kmu,kamu
kamuu,kamu
kqmu,kamu
kemuh,kamu
qm,kamu
qmu,kamu
kamyuhhh,kamu
kam,kamu
amu,kamu
amohhh,kamu
kamuuuu,kamu
kamu2,kamu-kamu
kamunyaa,kamunya
kn,kan
kaan,kan
kaannnn,kan
kaaan,kan
kannn,kan
kann,kan
kaaaaaann,kan
khan,kan
kana,kanan
knan,kanan
kndung,kandung
kanggggg,kang
kangenn,kangen
kgn,kangen
kangem,kangen
kangeeeeeeeeennnnnnnn,kangen
kangennnnnmnnnnnnnnnnnnnnnnn,kangen
kangeeeeeeeeeeennnnn,kangen
kangennnnnnnnnnnnnnnn,kangen
kangennn,kangen
kangeeerrn,kangen
kngen,kangen
kangennnn,kangen
kangeeeeeeeenya,kangen
kgeeeen,kangen
kangeenn,kangen
kangeen,kangen
kngenn,kangen
kangeeeeennn,kangen
kangeeeennnnn,kangen
kangennnnn,kangen
kanggen,kangen
kangennnnnnn,kangen
kngn,kangen
kangeeeennn,kangen
kangennnnnn,kangen
kpan,kapan
kpn,kapan
kapn,kapan
pan,kapan
kapaan,kapan
kapan2,kapan-kapan
pankapan,kapan-kapan
kpn2,kapan-kapan
kpnpun,kapanpun
memori,kapasitas
memory,kapasitas
karna,karena
krn,karena
krna,karena
krena,karena
kareno,karena
karir.a,karirnya
kharismanya,karismanya
karmaaa,karma
card,kartu
kartunin,kartun
krya,karya
kraya,karya
karya2,karya-karya
"karya""",karya-karya
kasar2,kasar-kasar
ksh,kasih
kasi,kasih
ksih,kasih
kasian,kasihan
kasiannn,kasihan
kasihn,kasihan
kasiaannn,kasihan
kasiian,kasihan
kacian,kasihan
kaciiaann,kasihan
kaasian,kasihan
kta,kata
kate,kata
kata2,kata-kata
"kata""",kata-kata
kt2,kata-kata
kata2nyaaa,kata-katanya
kata2nya,kata-katanya
ktny,katanya
ktnya,katanya
katanyaa,katanya
ktanya,katanya
lau,kau
kw,kau
kauuuu,kau
kwatir,kawatir
ky,kaya
kya,kaya
kayahhh,kaya
kyy,kaya
kayaa,kaya
kek,kayak
kayakk,kayak
kyk,kayak
kyak,kayak
keq,kayak
kekk,kayak
kayax,kayak
kyax,kayak
keak,kayak
kayaq,kayak
kaya,kayak
kekgini,kayak begini
kyknya,kayaknya
kyk.a,kayaknya
keknya,kayaknya
kyaknya,kayaknya
kyanya,kayanya
kayanye,kayanya
kaya'a,kayanya
keee,ke
krmh,ke rumah
keedaannya,keadaannya
kbahagiaan,kebahagiaan
"kebaikan""y",kebaikannya
kebangetak,kebangetan
kebanggan,kebanggaan
kebykan,kebanyakan
kebnyak'an,kebanyakan
kebarat2an,kebarat-baratan
kebayanyaa,kebayanya
keberpa,keberapa
kberkahn,keberkahan
kbetulan,kebetulan
kbiasaan,kebiasaan
kcantikan,kecantikan
kecantikanga,kecantikannya
keceee,kece
kecr,kece
keche,kece
kece2,kece-kece
kecptan,kecepatan
kcwa,kecewa
kcewa,kecewa
keciill,kecil
keciil,kecil
kecik,kecil
kcil,kecil
"kecil""",kecil-kecil
kedengeran,kedengaran
kedpan,kedepan
kedokk,kedok
keduaa,kedua
kdua,kedua
khadiran,kehadiran
khadirannya,kehadirannya
khdpn,kehidupan
khidupan,kehidupan
kejadianny,kejadiannya
kejahatn,kejahatan
kejuu,keju
ngekeh,kekeh
kekuranganny,kekurangannya
klhran,kelahiran
kelahuran,kelahiran
klahiran,kelahiran
lairannya,kelahirannya
klk,kelak
klkuan,kelakuan
kelaluan,kelakuan
klakuan,kelakuan
klas,kelas
kelas'a,kelasnya
klmbutan,kelembutan
keliatan,kelihatan
kliatan,kelihatan
klihatan,kelihatan
keliatannya,kelihatannya
kliatanya,kelihatannya
kluar,keluar
out,keluar
kluarga,keluarga
klg,keluarga
klrga,keluarga
kel,keluarga
keluarin,keluarkan
kemn,kemana
kmn,kemana
kmana,kemana
kmana2,kemana-mana
kmrn,kemarin
kmarin,kemarin
kmrin,kemarin
kemaren,kemarin
kmaren,kemarin
kmren,kemarin
kemariin,kemarin
kemarn,kemarin
kmariiin,kemarin
kmauan,kemauan
kmbali,kembali
ngembali,kembali
kmbl,kembali
kmbang,kembang
kembaq,kembar
kmewahan,kemewahan
knl,kenal
knlan,kenalan
kenaliiin,kenalkan
kenalin,kenalkan
knpa,kenapa
knp,kenapa
kanapa,kenapa
napa,kenapa
kenape,kenapa
knpp,kenapa
kenapaa,kenapa
knapa,kenapa
kencqng,kencang
kancang,kencang
kenceng,kencang
kencng,kencang
knyataan,kenyataan
kenyataan2,kenyataan-kenyataan
kpada,kepada
kpd,kepada
kepad,kepada
kepd,kepada
kepda,kepada
pala,kepala
alak,kepala
kpleset,kepleset
kepeleset,kepleset
krpoooo,kepo
kepoin,kepo
kepoh,kepo
kepppoin,kepoi
kpuasan,kepuasan
keputihn,keputihan
kerass,keras
kerasin,kerasi
kerrrrennnn,keren
kereeeeennnn,keren
kereeen,keren
kereenn,keren
kereen,keren
kerenn,keren
kerreeen,keren
kerennnnn,keren
kureeeen,keren
kereennn,keren
keeeerrrreeeennnnnnnnn,keren
kerennn,keren
keeeeeren,keren
kereeeen,keren
krenn,keren
kerrennn,keren
kerennnn,keren
kren,keren
kereeeeen,keren
kreeenn,keren
kereeeeennn,keren
kreen,keren
kreean,keren
kereeennnn,keren
"keren""",keren-keren
keren2,keren-keren
kueren2,keren-keren
kriput,keriput
krudung,kerudung
krudungan,kerudungan
kslhn,kesalahan
kslahan,kesalahan
kesalahanny,kesalahannya
kesampean,kesampaian
ksyngn,kesayangan
ksenangan,kesenangan
kesinii,kesini
kesiniii,kesini
ksni,kesini
ksini,kesini
ksitu,kesitu
ksukaanmuuu,kesukaanmu
ktaatan,ketaatan
ketaatanny,ketaatannya
ketauan,ketahuan
ketawakkkk,ketawa
ktawa,ketawa
ketawaa,ketawa
ktwa,ketawa
ktmu,ketemu
ketemuuu,ketemu
ktemu,ketemu
ktergantungan,ketergantungan
ktika,ketika
kasiatnya,khasiatnya
hayal,khayal
hayalanku,khayalanku
hianatin,khianati
kususnya,khususnya
kra,kira
kr,kira
kira2,kira-kira
kri,kiri
kiriii,kiri
krm,kirim
qt,kita
kite,kita
qta,kita
ktaa,kita
kt,kita
kitaa,kita
kitaaa,kita
ktg,kita
kiya,kita
we,kita
klepek2,klepek-klepek
kloop,klop
kocakkkkkkkkkkkkkk,kocak
kocakkkkkk,kocak
kocakkk,kocak
kocaaaak,kocak
koclak,kocak
koplak,kocak
kocaaaakkk,kocak
ko,kok
kog,kok
kokkk,kok
kox,kok
qo,kok
koq,kok
kq,kok
coment,komen
comnet,komen
comen,komen
komen2,komen-komen
komen2an,komen-komenan
comen2nya,komen-komennya
komenx,komennya
koment,komentar
komenan,komentar
comntr,komentar
komntr,komentar
komentarin,komentari
komentar2,komentar-komentar
comment2nya,komentar-komentarnya
komenannya,komentarnya
komentnya,komentarnya
komunitas2,komunitas-komunitas
konsekwensi,konsekuensi
konsul,konsultasi
knsul,konsultasi
kontak2,kontak-kontak
konten2,konten-konten
koplakkk,koplak
korek2,korek-korek
kostom,kostum
kreative,kreatif
qu,ku
kuu,ku
kuatttt,kuat
kuaaatt,kuat
kubarikan,kuberikan
kucing'y,kucingnya
kuliyh,kuliah
kuningggg,kuning
kuninggg,kuning
kunjungin,kunjungi
kura2,kura-kura
kurng,kurang
krng,kurang
kurangin,kurangi
krus,kurus
kusem,kusam
kutuu,kutu
lafazd,lafaz
lg,lagi
lgi,lagi
lagiiii,lagi
lagiii,lagi
lagii,lagi
lagihh,lagi
lggi,lagi
laginy,laginya
lgu,lagu
lagu2,lagu-lagu
lagu2nya,lagu-lagunya
lgunya,lagunya
lagu'y,lagunya
lahhh,lah
laa,lah
lha,lah
lahh,lah
la,lah
lahhhhhh,lah
laaaah,lah
lhirr,lahir
lhir,lahir
lahirr,lahir
laen,lain
lainnn,lain
laenny,lainnya
lainnyaa,lainnya
lakik,laki
lekong,laki
laki2,laki-laki
"laki""",laki-laki
lkuin,lakukan
"laku""",laku-laku
lma,lama
lama2,lama-lama
lancr,lancar
langgenh,langgeng
lggeng,langgeng
langgengggg,langgeng
lgkah2,langkah-langkah
lngsing,langsing
lgsg,langsung
lgsung,langsung
lngsung,langsung
lsg,langsung
lgs,langsung
lanjutkaaaaan,lanjutkan
lanjutin,lanjutkan
janjutin,lanjutkan
lt,lantai
lapakk,lapak
latian,latihan
lawaaaas,lawas
layan,layanan
playanan,layanan
lebar2,lebar-lebar
lebayy,lebay
lbh,lebih
lbih,lebih
lbihh,lebih
lebh,lebih
ledekin,ledeki
llki,lelaki
lengkapp,lengkap
lengkeeett,lengket
lenje,lenjeh
lwt,lewat
liat,lihat
lht,lihat
lihaat,lihat
liad,lihat
liyat,lihat
liht,lihat
lhat,lihat
lyt,lihat
lihaatttt,lihat
liattt,lihat
liatiii,lihat
liaatt,lihat
liaat,lihat
liatt,lihat
liatlah,lihatlah
liat2,lihat-lihat
liatnya,lihatnya
liatnyaaa,lihatnya
liat'y,lihatnya
liyatnya,lihatnya
lipetan,lipatan
liptsk,lipstik
living,livin
livinnya,livin
kelivin,livin
livinn,livin
livine,livin
livinluar,livin
livinmu,livin
livinku,livin
livini,livin
livingnya,livin
adanlivin,livin
livyn,livin
live,livin
liv,livin
lifin,livin
dilivin,livin
iooo,lo
eloo,lo
elo,lo
lohh,lo
loo,lo
loe,lo
loadingnya,loading
loding,loading
loohhh,loh
lhoo,loh
looohh,loh
looo,loh
loooh,loh
lohhh,loh
lohhhh,loh
looh,loh
lhooo,loh
loksyut,lokasi syuting
elo2,lo-lo
loncatt,loncat
loncattt,loncat
elu,lu
luu,lu
luhhh,lu
lluu,lu
u,lu
luh,lu
luuuaar,luar
luaarrr,luar
warbiyasah,luar biasa
lucuu,lucu
ucullllll,lucu
ucul,lucu
lucuuuu,lucu
lucuk,lucu
lutu,lucu
lcu,lucu
lucukkkkk,lucu
lucuuuk,lucu
lucuuu,lucu
ucull,lucu
luco,lucu
luchu,lucu
lucuuuuu,lucu
lucuukk,lucu
lluuccuu,lucu
lucuuuuuuuuuu,lucu
luccu,lucu
luuuucuuu,lucu
luucuuu,lucu
lucuuuuuuuu,lucu
cubanget,lucu banget
lucu2,lucu-lucu
lutuna,lucunya
lutunaa,lucunya
lucunaaa,lucunya
lucunyah,lucunya
luthuna,lucunya
lutunaaa,lucunya
lucux,lucunya
mayan,lumayan
mayann,lumayan
maap,maaf
mf,maaf
mff,maaf
maapin,maaf
mcm,macam
cem,macam
macem,macam
macem2,macam-macam
macam2,macam-macam
mahhhh,mah
mh,mah
mahh,mah
mehoonggggg,mahal
mahall,mahal
maen,main
main2,main-main
maenya,mainnya
main,maintenance
maintance,maintenance
maintence,maintenance
majuuu,maju
makkk,mak
maak,mak
mk,maka
mkanya,makanya
mknya,makanya
mk.a,makanya
makanyaa,makanya
makany,makanya
"maki""",maki-maki
mkn,makin
mkin,makin
makny,maknya
mksud,maksud
mksd,maksud
mkst,maksud
maksd,maksud
maksutku,maksudku
mksdku,maksudku
mksdny,maksudnya
mksdnya,maksudnya
malsudnya,maksudnya
mksdx,maksudnya
malh,malah
mlah,malah
mlh,malah
mlm,malam
malem,malam
malangg,malang
males,malas
mlz,malas
malingg,maling
mlu,malu
maluuuu,malu
maluu,malu
maluuu,malu
malu2in,malu-malui
mama.nyy,mamanya
mamax,mamanya
mampuuu,mampu
mampuussss,mampus
mna,mana
mn,mana
mandir,mandiri
mandri,mandiri
mandidi,mandiri
mngkannya,mangkanya
manisss,manis
mnisss,manis
mnis2nya,manis-manisnya
manisnyaaaa,manisnya
ngejatuhin,manjatuhkan
mantabs,mantab
mantabb,mantab
ntab,mantab
manta,mantan
mntn,mantan
mantanny,mantannya
mantep,mantap
muantteepp,mantap
ntaf,mantap
ntappp,mantap
muantaap,mantap
manteppp,mantap
mantaff,mantap
mantepp,mantap
mantaap,mantap
manteep,mantap
ntapsss,mantap
mantapp,mantap
mantaaap,mantap
mantappp,mantap
mantapppppp,mantap
ntap,mantap
manteb,mantap
bagus,mantap
keren,mantap
sip,mantap
mantab,mantap
mantul,mantap
jos,mantap
mantapss,mantap
mantaps,mantap
manstap,mantap
mantapppppppp,mantap
good,mantap
manusiy,manusia
maho,manusia homo
mrah,marah
marh,marah
marah2,marah-marah
marah2an,marah-marahan
martabakk,martabak
massss,mas
maaasss,mas
mmz,mas
mz,mas
mamas,mas
maso,masa
masaaaa,masa
msa,masa
msknya,masaknya
mslh,masalah
masalahh,masalah
maslah,masalah
msalah,masalah
mslhnya,masalahnya
masa2,masa-masa
"ms""",masa-masa
masi,masih
masio,masih
msh,masih
masing2,masih
msih,masih
ms,masih
"masing""",masing-masing
msg2,masing-masing
msuk,masuk
msk,masuk
login,masuk
log,masuk
loginnya,masuk
loging,masuk
logingnya,masuk
masyaallahhh,masyaallah
mansyoallah,masyaallah
masyarakay,masyarakat
mato,mata
mataq,mataku
matany,matanya
mata'y,matanya
mtanya,matanya
mti,mati
mateeeek,mati
mattihhh,mati
matii,mati
mateeeeeeeeeeee,mati
"mati""an",mati-matian
mauuuuu,mau
mw,mau
mai,mau
mo,mau
mauuu,mau
maauuu,mau
mauuuu,mau
mauu,mau
mao,mau
mauuuuuuu,mau
may,mau
maau,mau
mauuuuuu,mau
maw,mau
mbaaahhh,mbah
mbahh,mbah
mbk,mbak
mbg,mbak
mb,mbak
mbaaa,mbak
mba,mbak
mbaaass,mbak
mbaakk,mbak
mbaa,mbak
mbaak,mbak
mbak2,mbak-mbak
"mbak""",mbak-mbak
"mba""",mbak-mbak
mbakx,mbaknya
mbaknyaahh,mbaknya
mbanya,mbaknya
banking,mbanking
mobile,mbanking
bangking,mbanking
mbangkingmya,mbanking
mbank,mbanking
mobie,mbanking
bangkin,mbanking
mbangking,mbanking
mbankning,mbanking
ladenin,meladeni
ngelahirin,melahirkan
melahirin,melahirkan
ngelakuin,melakukan
lakuin,melakukan
melakukn,melakukan
ngelaporin,melaporkan
ngelarang,melarang
ngelawak,melawak
ngelawan,melawan
melebihin,melebihi
ledkin,meledeki
peleotin,meleot
lepasin,melepas
mlepaskan,melepaskan
ngelewati,melewati
ngeliat,melihat
ngelihat,melihat
ngeliatin,melihati
ngeliatnya,melihatnya
ngelihatnya,melihatnya
ngelucu,melucu
muluuu,melulu
lupain,melupakan
lurusin,meluruskan
maafin,memaafi
pahamin,memahami
make,memakai
ngepake',memakai
paksain,memaksa
maksain,memaksakan
mamer,memamerkan
mancing2,memancing-mancing
mancungin,memancungkan
pandanginya,memandanginya
mandiin,memandikan
emg,memang
mmg,memang
emank,memang
mang,memang
emng,memang
mmang,memang
emang,memang
emnknya,memangnya
emngnya,memangnya
emangnya,memangnya
manjain,memanjakan
mantes,memantas
masukin,memasuki
bhgiain,membahagiakan
balesin,membalas
ngebales,membalas
"membanding""",membanding-banding
badingkan,membandingkan
"bangga""in",membangga-banggakan
bangga2in,membangga-banggakan
mmbanggakan,membanggakan
ngebantu,membantu
banyakin,membanyaki
byangin,membayangkan
bedain,membedakan
ngebedain,membedakan
bedainnya,membedakannya
mmbela,membela
ngebela,membela
bellain,membela
ngebelain,membela
belain,membela
bela2in,membela-bela
"bela""in",membela-bela
menbelah,membelah
benahin,membenahi
benarin,membenarkan
ngebenci,membenci
mmberi,memberi
mmberikan,memberikan
mmberikn,memberikan
besarin,membesarkan
ngebiarin,membiarkan
mmbodohkan,membodohkan
ngebolehin,membolehkan
bosenin,membosankan
ngebuktiin,membuktikan
megang,memegang
pegangin,memegang
melihara,memelihara
meluk,memeluk
mendam,memendam
meranin,memerankan
mitnah,memfitnah
fotoin,memfoto
miara,memiara
mkir,memikir
mikirin,memikirkan
mikirinnn,memikirkan
mikir2,memikir-mikir
milih,memilih
milikin,memiliki
minta,meminta
motret,memotret
peduliin,mempedulikan
perbaikin,memperbaiki
mmperbaiki,memperbaiki
mengperbolehkan,memperbolehkan
ngejuangin,memperjuangkan
liatin,memperlihatkan
praktekin,mempraktikkan
mutihin,memutihkan
mutusin,memutuskan
mutuain,memutuskan
nafkahin,menafkahi
nahan,menahan
naksir,menaksir
maksir,menaksir
nakutin,menakutkan
namain,menamai
mnambh,menambah
nampak,menampak
nampar,menampar
nanggepin,menanggapi
nganggepin,menanggapi
naggung,menanggung
nangis,menangis
nangiiiiis,menangis
nangiiis,menangis
nangiss,menangis
nagiss,menangis
nangiis,menangis
nangisss,menangis
"nangis""",menangis-nangis
nantangin,menantang
nari,menari
narik,menarik
nasehatin,menasihati
menasehati,menasihati
natap,menatap
nawarin,menawari
campurin,mencampuri
nyari,mencari
nyatok,mencatok
nyebur,mencebur
nyela,mencela
nyerocooooos,mencerocos
nyerocos,mencerocos
nyoba,mencoba
mncoba,mencoba
nyobain,mencoba
nyolong,mencolong
nyubit,mencubit
nyubitt,mencubit
mndpt,mendapat
mndpat,mendapat
dapetin,mendapati
mndaptkan,mendapatkan
mendapatkn,mendapatkan
dengarin,mendengarkan
dngerin,mendengarkan
mnding,mending
ndukung,mendukung
ngedukung,mendukung
nmbk,menembak
nembak,menembak
nempel,menempel
nemuin,menemukan
nengok,menengok
nentuin,menentukan
nerawang,menerawang
mnerima,menerima
nerima,menerima
nerusin,meneruskan
netaas,menetas
netes,menetes
ngaca,mengaca
ngacaaa,mengaca
ngaco,mengaco
ngadain,mengadakan
adain,mengadakan
ngademin,mengademkan
ngadu,mengadu
mengait2kan,mengait-ngaitkan
ngajak,mengajak
ajakin,mengajak
ngajar,mengajar
ngajarin,mengajari
ngaji,mengaji
ngajuin,mengajukan
ngakak,mengakak
ngakaaaakkk,mengakak
ngkkkkkk,mengakak
ngakakkk,mengakak
ngaku,mengaku
"ngaku""",mengaku-ngaku
ngalah,mengalah
ngalahin,mengalahkan
mengalahkn,mengalahkan
ngalirrrrr,mengalir
ngalir,mengalir
ngamatin,mengamati
nganbek,mengambek
ngambek,mengambek
ngambeknya,mengambeknya
ambilin,mengambil
ngantar,mengantar
nganterin,mengantarkan
ngantri,mengantri
ngapain,mengapa
ngp,mengapa
ngapasih,mengapa sih
aplikasiin,mengaplikasikan
ngarang,mengarang
ngarsipin,mengarsipkan
ngasih,mengasih
mngasi,mengasih
ngasi,mengasih
ngasih2,mengasih-ngasih
ngtain,mengatai
ngatain,mengatai
ngatai,mengatai
ngata2in,mengatai-ngatai
ngatur,mengatur
kawinin,mengawini
ngecek,mengecek
ngeditnya,mengeditnya
ngekek,mengekek
ngeluarin,mengeluarkan
mengncang,mengencang
ngepoin,mengepoi
mengherthii,mengerti
ngerti,mengerti
mngerti,mengerti
menegerti,mengerti
ngertiin,mengerti
ngertii,mengerti
ngrti,mengerti
ngeselin,mengesalkan
ngetik,mengetik
nggali,menggali
ngegampar,menggampar
gangguin,mengganggu
ngegantiin,menggantikan
gantiin,menggantikan
ganti'kn,menggantikan
gemesiin,menggemaskan
gemesin,menggemaskan
ngegemesin,menggemaskan
ngegmesin,menggemaskan
gemesinnnnn,menggemaskan
gosipin,menggosipkan
hadapin,menghadapi
mrnghadapi,menghadapi
adapin,menghadapi
ngehakimi,menghakimi
hancurin,menghancurkan
ngehancurin,menghancurkan
ngapus,menghapus
ngareppppp,mengharap
ngarep,mengharap
haragain,menghargai
ngilang,menghilang
ngilangin,menghilangkan
menghilangkn,menghilangkan
hilangin,menghilangkan
ngehina,menghina
mnghina,menghina
ngitem,menghitam
ngehujat,menghujat
ngidam,mengidam
ngeidealin,mengidealkan
ngikutin,mengikuti
mngikuti,mengikuti
mengikutii,mengikuti
ngilerrrr,mengiler
ngingetin,mengingatkan
ingetin,mengingatkan
nginjek,menginjak
ngintilin,mengintil
ngintip,mengintip
kirain,mengira
mngira,mengira
ngiri,mengiri
ngiriii,mengiri
ngriii,mengiri
ngirim,mengirim
kirimin,mengirimi
ngiringan,mengiringi
ngiritya,mengiritnya
ngayal,mengkhayal
gkhianati,mengkhianati
ngobrol,mengobrol
ngoceh,mengoceh
ngocok,mengocok
ngolokin,mengolok
ngomen,mengomentari
ngomentarin,mengomentari
ngomenin,mengomentari
ngomentnya,mengomentarinya
ngomong,mengomong
ngmng,mengomong
ngemeng,mengomong
ngomng,mengomong
ngomomg,mengomong
ngmg,mengomong
ngumung,mengomong
ngom,mengomong
ngmgin,mengomongkan
omongin,mengomongkan
ngomongin,mengomongkan
ngmngin,mengomongkan
ngmngnya,mengomongnya
ngomongnya,mengomongnya
ngorbanin,mengorbankan
nguburin,menguburkan
ngcpin,mengucapkan
ngucapin,mengucapkan
ucapin,mengucapkan
ngulangin,mengulangi
ngumbar,mengumbar
ngumbar2,mengumbar-umbar
ngumpat2,mengumpat-ngumpat
"ngumpet""",mengumpet-ngumpet
ngungkit2,mengungkit-ungkit
ngurus,mengurus
ngurusin,mengurus
ngurusan,mengurusi
urusin,mengurusi
mengirusi,mengurusi
ngrusin,mengurusi
nikahin,menikahi
nikmatin,menikmati
mnilai,menilai
nimpuk,menimpuk
ninggalin,meninggalkan
ninggiin,meninggikan
niru,meniru
mnjadi,menjadi
mnjdi,menjadi
mendj,menjadi
menjdi,menjadi
mnjdkan,menjadikan
jahatin,menjahati
jalanani,menjalani
jalanin,menjalani
mnjawab,menjawab
"jelek""in",menjelek-jelekkan
ngejelek2in,menjelek-jelekkan
menjelekan,menjelekkan
jelekin,menjelekkan
ngejelek,menjelekkan
mnjmput,menjemput
mnjijikaaaaaan,menjijikkan
ngejilat,menjilat
nyeplak,menjiplak
mnjual,menjual
nolongin,menolong
tongolin,menongol
nton,menonton
nntn,menonton
nontoonnn,menonton
nontonnnn,menonton
nonton,menonton
nnton,menonton
ntn,menonton
nobar,menonton bareng
nontonx,menontonnya
nontonya,menontonnya
nontonny,menontonnya
"mentah""",mentah-mentah
"mentang""",mentang-mentang
ketawain,mentertawakan
nraktir,mentraktir
nuduh,menuduh
nulis,menulis
nunduk,menunduk
nunggu,menunggu
nungguin,menunggu
nuntut,menuntut
menurur,menurut
mnrtkuu,menurutku
nusuk,menusuk
mnusuk,menusuk
mnutup,menutup
nutupin,menutupi
tutupin,menutupi
"nutup""in",menutup-nutupi
nyadar,menyadar
nyakitin,menyakiti
nyalahin,menyalahkan
nyamain,menyamakan
nyambet,menyambat
nyambung,menyambung
nyambungin,menyambung
nyampah,menyampah
nyampein,menyampaikan
nyender,menyandar
nyangka,menyangka
nyangkaa,menyangka
nyangkutnya,menyangkutnya
nyanyiin,menyanyi
nyaranin,menyarani
saranin,menyarankan
nyaru,menyaru
nyatakan,menyatakan
nyebelin,menyebalkan
nyebutin,menyebutkan
nyebut2,menyebut-nyebut
menyebut2,menyebut-nyebut
nyelesain,menyelesaikan
smnagatin,menyemangati
sembuhin,menyembuhkan
nyempetin,menyempatkan
nyenengin,menyenangkan
menyenangkn,menyenangkan
nyengir,menyengir
nyeniii,menyeni
nyerang,menyerang
nyesek,menyesak
nyesel,menyesal
nyesell,menyesal
sewain,menyewa
nyia2in,menyia-nyiakan
nyimak,menyimak
nyimpen,menyimpan
nyindir,menyindir
nyindirin,menyindir
sisain,menyisakan
nyolotinnnn,menyolot
nyolot,menyolot
nyupir,menyopir
nyusahhin,menyusahkan
nyusahin,menyusahkan
nyusul,menyusul
ngerampas,merampas
mrangkul,merangkul
ngerasa,merasa
ngerasain,merasai
ngrasain,merasai
rasain,merasai
ngerayain,merayakan
ngrebut,merebut
ngerebut,merebut
"ngerebut""",merebut-rebut
merekaaaa,mereka
mrekaaaa,mereka
merka,mereka
mrk,mereka
mreka,mereka
mrka,mereka
merekak,mereka
mrekaa,mereka
merekaa,mereka
mereka2,mereka-mereka
rekomendasiin,merekomendasikan
rekomendasiiin,merekomendasikan
ngerendahin,merendahkan
ngerespon,merespons
meriahh,meriah
ributin,meributkan
merindinggg,merinding
mrit,merit
merrid,merit
ngrusak,merusak
mrusak,merusak
ngerussak,merusak
mesrany,mesranya
mst,mesti
meker,mikir
mlikk,milik
mimpiii,mimpi
minpi,mimpi
ngimpi,mimpi
mnta,minta
mnt,minta
mintk,minta
"minyak""an",minyak-minyakan
miring2,miring-miring
mrip,mirip
miripp,mirip
miriiiip,mirip
miriip,mirip
mirippp,mirip
miripppp,mirip
mirp,mirip
miriiippp,mirip
miriiiiip,mirip
miriplahhhhhh,miriplah
model2,model-model
modes,modis
soga,moga
muga,moga
moqa,moga
mg,moga
mohom,mohon
nyet,monyet
muuuu,mu
mualll,mual
mudaa,muda
easy,mudah
memoermudah,mudah
memprmudah,mudah
kmudahan,mudah
mud,mudah
mudahin,mudah
mudah2,mudah-mudah
"mdh""",mudah-mudah
"mudh""an",mudah-mudahan
"mudah""n",mudah-mudahan
mdh2an,mudah-mudahan
mudah2an,mudah-mudahan
mudah2n,mudah-mudahan
mdh2n,mudah-mudahan
"mudah""an",mudah-mudahan
muke,muka
komuk,muka
mupeng,muka pengin
"muka""",muka-muka
muka2,muka-muka
mukax,mukanya
mukae,mukanya
mukanyaa,mukanya
muliany,mulianya
mulusssss,mulus
mulut2,mulut-mulut
mlt.a,mulutnya
mulutny,mulutnya
mulutnyaaa,mulutnya
muna,munafik
munaafikk,munafik
munafikk,munafik
mngkin,mungkin
mgkn,mungkin
mgkin,mungkin
mgk,mungkin
mungki,mungkin
mungkiin,mungkin
murahhh,murah
muraaaaah,murah
murmer,murah meriah
murhan,murahan
nafass,nafas
naaaaahh,nah
nahhh,nah
nahh,nah
naaahhh,nah
naek,naik
najiss,najis
naaaak,nak
naka,nakal
nm,nama
nama'in,namai
"nama""",nama-nama
namax,namanya
nama.a,namanya
namnya,namanya
namany,namanya
nmnya,namanya
nmpk,nampak
nantiii,nanti
nnti,nanti
nantii,nanti
nantik,nanti
nti,nanti
nnt,nanti
nt,nanti
napsuu,napsu
nasaba,nasabah
naturalllll,natural
ngtif,negatif
negri,negeri
ngri,negeri
neko2,neko-neko
nenek2,nenek-nenek
"nenek""",nenek-nenek
nrka,neraka
ngerii,ngeri
ngerrrriiii,ngeri
ngeriiiiii,ngeri
ngeri2,ngeri-ngeri
"ngomong""",ngomong-ngomong
niihh,nih
niiih,nih
niiihh,nih
nihh,nih
nihhh,nih
nh,nih
niiiihh,nih
niih,nih
niyyyyhhhh,nih
nich,nih
neh,nih
nih2,nih-nih
nikaah,nikah
nilai2,nilai-nilai
nmr,nomor
no,nomor
nombr,nomor
nomer,nomor
notif,notifikasi
novembr,november
ny,nya
nyaaa,nya
nyaaaa,nya
nha,nya
na,nya
nyaa,nya
nyaaaaaaaaaaaaa,nya
y,nya
nyah,nya
nyo,nya
nyaaaaaaaaa,nya
naaaa,nya
nyaaaaaaa,nya
nyta,nyata
nyinyirin,nyinyir
nyir2,nyinyir
ohh,oh
ooh,oh
oooh,oh
ohhhh,oh
owh,oh
oles2,oles-oles
oom,om
omaaaaaaakk,oma
oma2,oma-oma
omdo,omong doang
ongkiir,ongkir
ongkirr,ongkir
oprasi,operasi
oplas,operasi plastik
oprasiya,operasinya
org,orang
orng,orang
orangg,orang
orabg,orang
or,orang
orlaen,orang lain
ortu,orang tua
orgtuanya,orang tuanya
ortunya,orang tuanya
orrunya,orang tuanya
ortuny,orang tuanya
orgny,orangnya
orang2,orang-orang
org2,orang-orang
"orang""",orang-orang
"orang""nya",orang-orangnya
ori,orisinal
otot2,otot-otot
pacarrr,pacar
pcar,pacar
pacarr,pacar
pcrn,pacaran
pacara,pacaran
pacarn,pacaran
pcaran,pacaran
pcran,pacaran
pacaranya,pacarannya
pacarane,pacarannya
pcaranya,pacarannya
pcarny,pacarnya
pcrnya,pacarnya
pacarnyaa,pacarnya
pda,pada
pd,pada
padahall,padahal
pdhl,padahal
pdhal,padahal
pdahal,padahal
padahl,padahal
padhl,padahal
pdhall,padahal
pdng,padang
padet,padat
padetan,padatan
pgi,pagi
pg,pagi
pahalax,pahalanya
pait,pahit
pjang,pajang
paaak,pak
pke,pakai
pake,pakai
pakek,pakai
pkai,pakai
pk,pakai
pakke,pakai
pkk,pakai
pkee,pakai
pkek,pakai
padhe,pakde
palinf,paling
pling,paling
palingann,palingan
pndang,pandang
panggilan'ya,panggilannya
panggilan'y,panggilannya
panglingg,pangling
pnjang,panjang
pjg,panjang
pnjng,panjang
pantes,pantas
pantess,pantas
ppa,papa
papahhhnya,papahnya
papiii,papi
paraa,para
parahh,parah
paraah,parah
paraaah,parah
prh,parah
para2,parah-parah
paripurnahh,paripurna
ps,pas
pass,pas
passs,pas
psangan,pasangan
psgn,pasangan
pasangn,pasangan
"pasien""nya",pasien-pasiennya
pas2an,pas-pasan
pasword,password
pas,password
sandi,password
pasworr,password
paswot,password
pst,pasti
pastii,pasti
psti,pasti
past,pasti
paati,pasti
payahh,payah
pyudara,payudara
pecahhg,pecah
pedesssss,pedas
pedes,pedas
pedulilaaaah,pedulilah
pegang2,pegang-pegang
perjabatt,pejabat
kerjaan,pekerjaan
krjaan,pekerjaan
job,pekerjaan
pljaran,pelajaran
pljrn,pelajaran
plampiasannn,pelampiasan
pelwak,pelawak
peliharaaaa,pelihara
pluk,peluk
pemainy,pemainnya
pmbantu,pembantu
pmbyran,pembayaran
pmbelajaran,pembelajaran
penbelian,pembelian
penasarannnn,penasaran
penasaraaann,penasaran
penasarn,penasaran
pensaran,penasaran
pndapat,pendapat
pengalam,pengalaman
penganten,pengantin
penghrgaan,penghargaan
pengikuy,pengikut
pengen,pengin
pingin,pengin
pngn,pengin
pngenn,pengin
peengn,pengin
pgen,pengin
pengennn,pengin
pgn,pengin
pngen,pengin
pgin,pengin
kepingin,pengin
peen,pengin
pengan,pengin
pinginnn,pengin
pengn,pengin
pengeeenn,pengin
pengenn,pengin
pen,pengin
pengennnn,pengin
pgnnya,penginnya
pnjerumus,penjerumus
pnjual,penjual
pentass,pentas
pnting,penting
pentingg,penting
urgent,penting
pnuh,penuh
penyakitny,penyakitnya
penyanyi2,penyanyi-penyanyi
penyebab2,penyebab-penyebab
peragain,peragakan
prasaan,perasaan
perasaanny,perasaannya
prwtn,perawatan
prwatn,perawatan
prawatan,perawatan
perbulannn,perbulan
percya,percaya
caya,percaya
prcy,percaya
prcya,percaya
pede,percaya diri
prcuma,percuma
perubut,perebut
prmpuan,perempuan
prempuan,perempuan
perhatiam,perhatian
prhatian,perhatian
perhatiin,perhatikan
perilakuny,perilakunya
prjuangan,perjuangan
prlu,perlu
permasalhkan,permasalahkan
prnah,pernah
prnh,pernah
perna,pernah
pernikahn,pernikahan
prsatukn,persatukan
parsis,persis
personill,personil
pertma,pertama
pertamany,pertamanya
prtamax,pertamanya
pengrusak,perusak
pesen,pesan
petinggi2,petinggi-petinggi
fikiran,pikiran
pkrin,pikirkan
"pikir""",pikir-pikir
piiiilih,pilih
pilihnmu,pilihanmu
pilihannny,pilihannya
pndah,pindah
piiink,pink
pinkkkk,pink
pinter,pintar
pintr,pintar
pipi'y,pipinya
pipinyaaa,pipinya
pipine,pipinya
pelastik,plastik
poko,pokok
pokok'a,pokoknya
pkoknya,pokoknya
pokonya,pokoknya
pkoknyaa,pokoknya
poollll,pol
poooolllll,pol
pollll,pol
polll,pol
poool,pol
ponakn,ponakan
positippp,positif
frestasiii,prestasi
prinadi,pribadi
prodak,produk
prodac,produk
prodaknya,produknya
promil,program hamil
promoo,promo
protestin,protestan
pukulin,pukuli
pulak,pula
pla,pula
pulaa,pula
plg,pulang
plsa,pulsa
punn,pun
punyaaa,punya
pny,punya
py,punya
pnya,punya
px,punya
pu,punya
pnyaa,punya
pura2,pura-pura
pusingggg,pusing
pucing,pusing
putihh,putih
putihnyaa,putihnya
rajin2,rajin-rajin
rmbut,rambut
rmbt,rambut
rmbuut,rambut
rmbutnya,rambutnya
rame2,rame-rame
rana,ranah
rapih,rapi
rasaiin,rasai
rasakn,rasakan
rata2,rata-rata
rek,rekening
rek,rekening
rekomndd,rekomendasi
recommendasi,rekomendasi
rekomendain,rekomendasikan
recomendasinya,rekomendasinya
relaaaa,rela
remang2,remang-remang
rempong,repot
repong,repot
repot2,repot-repot
rpt2,repot-repot
rezki,rezeki
rezeqinya,rezekinya
tebir,ribet
"tebir""",ribet-ribet
rb,ribu
redho,ridho
rinduuuuuuuuu,rindu
rinduuuuuuuuuu,rindu
rinduuuuuuu,rindu
romntis,romantis
romantiz,romantis
romantiss,romantis
romantisny,romatisnya
rmh,rumah
rumh,rumah
rumpiin,rumpi
rupa2nya,rupa-rupanya
rusakkk,rusak
saat2,saat-saat
sbr,sabar
sabarrrrr,sabar
sabarrr,sabar
sabal,sabar
sabaro,sabar
sabaarrr,sabar
sadis2,sadis-sadis
shbt,sahabat
sahabatt,sahabat
shabat,sahabat
sbhabat,sahabat
shbat,sahabat
aja,saja
aj,saja
aza,saja
ajhh,saja
sja,saja
za,saja
ajha,saja
ae,saja
ajaaa,saja
ajh,saja
ajaa,saja
ajah,saja
ajja,saja
ja,saja
sj,saja
ajaaahhhhh,saja
aje,saja
ajahhh,saja
z,saja
ajjh,saja
ajj,saja
aee,saja
j,saja
jh,saja
samara,sakinah mawadah rahman
skt,sakit
skit,sakit
slh,salah
slah,salah
salfok,salah fokus
saltummmm,salah kostum
slahkan,salahkan
salahin,salahkan
slhkan,salahkan
slm,salam
salaam,salam
salammmm,salam
slam,salam
slmnya,salamnya
sholihah,salihah
salehah,salihah
sling,saling
salluutt,salut
sma,sama
ma,sama
ama,sama
sm,sama
sam,sama
m,sama
samaa,sama
samaaaa,sama
aama,sama
am,sama
sama2,sama-sama
"sama""",sama-sama
sm2,sama-sama
sma2,sama-sama
mbil,sambil
smbil,sambil
sampis,sampah habis
sampe,sampai
smpe,sampai
nyampe,sampai
sampek,sampai
ampe,sampai
sampw,sampai
smp,sampai
smpai,sampai
sampein,sampaikan
nyampenya,sampainya
sampai2,sampai-sampai
sna,sana
sanggat,sangat
sgt,sangat
sangt,sangat
sangattt,sangat
sngt,sangat
sangaaattt,sangat
very,sangat
sangat2,sangat-sangat
santab,santap
capa,sapa
sp,sapa
sapa2,sapa-sapa
satuuuuu,satu
atu,satu
stu,satu
atuu,satu
satuu,satu
satupunn,satupun
saudra,saudara
shayyy,say
shay,say
shaaaay,say
sayyy,say
shayy,say
shaay,say
saayyyyy,say
sayaa,saya
sy,saya
sya,saya
yank,sayang
syg,sayang
ynk,sayang
say,sayang
ygs,sayang
sayy,sayang
sayaang,sayang
sayanggg,sayang
yayang,sayang
ayank,sayang
yankkk,sayang
syang,sayang
syng,sayang
synk,sayang
sygkuu,sayangku
sayangkuuuuu,sayangku
sayangkuh,sayangku
sayangggq,sayangku
syngnya,sayangnya
sayangx,sayangnya
sayangg'',sayang-sayang
saya2,saya-saya
seandainy,seandainya
sbb,sebab
sbg,sebagai
sbgai,sebagai
sbagai,sebagai
"sebaik""",sebaik-baik
sbaiknya,sebaiknya
sbnyak,sebanyak
sbbyak,sebanyak
sebnyak,sebanyak
segtu,sebegitu
sgtu,sebegitu
segitunya,sebegitunya
sgtu'y,sebegitunya
sbelah,sebelah
sblah,sebelah
sblh,sebelah
sblm,sebelum
sbelum,sebelum
sblum,sebelum
sebelumbya,sebelumnya
sblmnya,sebelumnya
sblmny,sebelumnya
sebelum2nya,sebelum-sebelumnya
sbnarnya,sebenarnya
sbnrny,sebenarnya
sebenernya,sebenarnya
sbbrnya,sebenarnya
sbenernya,sebenarnya
sbuah,sebuah
"seburuk""",seburuk-buruk
seburuk2,seburuk-buruk
scra,secara
scr,secara
scpatny,secepatnya
sdg,sedang
sedangkn,sedangkan
sdgkn,sedangkan
syediiihhh,sedih
sedihh,sedih
sedihhh,sedih
syediih,sedih
sdkit,sedikit
sdkt,sedikit
sedikitlaahh,sedikitlah
sdkit2,sedikit-sedikit
sgla,segala
segala2nya,segala-galanya
"segala""ny",segala-galanya
sgampang,segampang
sweger,segar
segerrrr,segar
seger,segar
segerr,segar
sharusnya,seharusnya
seharusny,seharusnya
shat,sehat
dehat,sehat
sihat,sehat
sehat2,sehat-sehat
seindonesiyah,seindonesia
sjk,sejak
skedar,sekadar
sekalii,sekali
skli,sekali
skali,sekali
syekaliii,sekali
skalii,sekali
sekaliiiii,sekali
sekaliiii,sekali
seklian,sekalian
skaligus,sekaligus
sekali2,sekali-kali
skali2,sekali-kali
sklinyaa,sekalinya
sekangen2,sekangen-kangen
skarang,sekarang
skrg,sekarang
skrang,sekarang
skrng,sekarang
ckrng,sekarang
sekarng,sekarang
sekrng,sekarang
skg,sekarang
sekrang,sekarang
skr,sekarang
sekaeang,sekarang
sktlrang,sekarang
skrnh,sekarang
skrngnya,sekarangnya
skluarga,sekeluarga
sktika,seketika
skitar,sekitar
sklh,sekolah
skolah,sekolah
sekolahin,sekolahkan
sexxi,seksi
seksii,seksi
sexi,seksi
sexi2,seksi-seksi
slalu,selalu
chelalyyu,selalu
sll,selalu
selaluu,selalu
sllu,selalu
s'lalu,selalu
slaluuuuu,selalu
selaloe,selalu
slama,selama
selmnya,selamanya
met,selamat
slmt,selamat
slamt,selamat
slamat,selamat
slamet,selamat
selmt,selamat
slmat,selamat
selmat,selamat
slmttt,selamat
selfi,selfie
woles,selow
sellow,selow
slw,selow
seluru,seluruh
smakin,semakin
smkin,semakin
semangaatt,semangat
smangat,semangat
senangat,semangat
semangaatttt,semangat
semangattt,semangat
semangatt,semangat
semngat,semangat
smngat,semangat
smrg,semarang
"sembunyi""""",sembunyi-sembunyi
smnjak,semenjak
swmntara,sementara
smentara,sementara
smster,semester
smga,semoga
smg,semoga
smoga,semoga
samoga,semoga
smog,semoga
smgaa,semoga
semogaa,semoga
dempga,semoga
smogaaa,semoga
moga,semoga
smvk,sempak
sempet,sempat
smpt,sempat
sempurnaaaaa,sempurna
sempurnaa,sempurna
smua,semua
smw,semua
seeeemua,semua
semuaaa,semua
smuaaa,semua
semuanyaaaa,semuanya
semuanyaa,semuanya
semuannyaaa,semuanya
smulla,semula
seneeeeeng,senang
sendeng,senang
senengg,senang
seneng,senang
senenggg,senang
sneng,senang
senengin,senangi
senang2,senang-senang
sndiri,sendiri
sndri,sendiri
sdri,sendiri
sendirir,sendiri
sendirii,sendiri
sndr,sendiri
sendri,sendiri
s3ndiri,sendiri
sendirinnya,sendirinya
sendirinyya,sendirinya
sngaja,sengaja
senyumin,senyumi
senyumna,senyumnya
seorg,seorang
sperti,seperti
spt,seperti
sprt,seperti
sprti,seperti
spti,seperti
srpti,seperti
spertinya,sepertinya
serem,seram
serem2,seram-seram
"serem""",seram-seram
serasiii,serasi
srng,sering
sering2,sering-sering
ciusss,serius
ciyusss,serius
srta,serta
seruuu,seru
srruu,seru
seruu,seru
seru2,seru-seru
seru2an,seru-seruan
servernya,server
sesekk,sesak
sasama,sesama
sesatt,sesat
ssorg,seseorang
sstu,sesuatu
stelah,setelah
stlh,setelah
setelur2nya,setelur-telurnya
stiap,setiap
stp,setiap
stidaknya,setidaknya
stimpal,setimpal
seterong,setrong
setju,setuju
setujuuu,setuju
stju,setuju
stuju,setuju
setujuuuu,setuju
s,si
ciapa,siapa
syp,siapa
siapaa,siapa
cpa,siapa
siappa,siapa
sypa,siapa
siapayahh,siapa ya
siapa2,siapa-siapa
sia2kan,sia-siakan
sibukx,sibuknya
sii,sih
seehh,sih
sie,sih
sihhh,sih
sey,sih
sichh,sih
sihh,sih
seeh,sih
siiihh,sih
seh,sih
siih,sih
siiihhh,sih
sehh,sih
sich,sih
see,sih
sichhhhhhhhhh,sih
sihhhh,sih
si,sih
c,sih
siihhh,sih
siihh,sih
siiih,sih
"sikap""",sikap-sikap
silahkan,silakan
silahkn,silakan
silsturahmi,silaturahmi
silauuu,silau
simpen,simpan
save,simpan
sinet,sinetron
sintron,sinetron
s*inetr*n,sinetron
cini,sini
siip,sip
siippp,sip
siipp,sip
sipp,sip
siiiiiiippppppppp,sip
suipit,sipit
sipiit,sipit
cpit,sipit
siriik,sirik
sirikk,sirik
sista2,sista-sista
soalx,soalnya
soal'y,soalnya
so,sok
sokk,sok
sotoy,sok tau
sok2,sok-sok
sok2an,sok-sokan
onoh,sono
ono,sono
setabil,stabil
staf2nya,staf-stafnya
sttus,status
statusx,statusnya
stress,stres
steess,stres
sumai,suami
suamiiiii,suami
suamiii,suami
suaminy,suaminya
suami'y,suaminya
suaminga,suaminya
suarranya,suaranya
suaranyaaaaaa,suaranya
suaraynyaa,suaranya
suaranyaa,suaranya
subahanallah,subhanallah
subhanalloh,subhanallah
subhannallah,subhanallah
subhanaallahh,subhanallah
subhanallahhh,subhanallah
subhnallah,subhanallah
udah,sudah
udh,sudah
sdh,sudah
sudh,sudah
udahh,sudah
uda,sudah
sud,sudah
udehh,sudah
suda,sudah
ud,sudah
sudab,sudah
sdah,sudah
udeh,sudah
udahlah,sudahlah
udah2,sudah-sudah
suerrr,suer
sukaaak,suka
sukaaaa,suka
sukaaaaaa,suka
sk,suka
sukaaa,suka
suk,suka
sukaa,suka
sukakkk,suka
ska,suka
sukak,suka
sukam,suka
suko,suka
syukaaakkk,suka
sukkaa,suka
like,suka
suka.a,sukanya
suka2,suka-suka
suksea,sukses
suksess,sukses
suces,sukses
sucses,sukses
sukse,sukses
sukur2,sukur-sukur
sumpahh,sumpah
sumvahh,sumpah
sumpeh,sumpah
sunah2,sunah-sunah
sunggu,sungguh
sungguh2,sungguh-sungguh
spy,supaya
supeer,super
sby,surabaya
surgaa,surga
suru,suruh
syratnya,syaratnya
"syirik""",syirik-syirik
td,tadi
tdi,tadi
tdnya,tadinya
nahannnn,tahan
tahannn,tahan
than,tahan
taiiii,tahi
taek,tahi
taekk,tahi
tokayyy,tahi
tay,tahi
tai,tahi
taik,tahi
tayik,tahi
th,tahu
thun,tahun
thn,tahun
taun,tahun
taon,tahun
thnan,tahunan
th2,tahun-tahun
"tahun""",tahun-tahun
tahun2,tahun-tahun
tx,tak
tk,tak
takuttt,takut
tkut,takut
atutt,takut
takuuuuut,takut
tmbh,tambah
tmbah,tambah
tambh,tambah
tambahh,tambah
tambahim,tambahkan
tambahin,tambahkan
tamvann,tampan
tampialannya,tampilannya
tanda2nya,tanda-tandanya
tnggl,tanggal
tgl,tanggal
date,tanggal
tanggung2,tanggung-tanggung
tangkep,tangkap
tnpa,tanpa
tnp,tanpa
tantee,tante
tanteny,tantenya
"tante""",tante-tante
tante2,tante-tante
tnya,tanya
tanyain,tanyakan
tanya2,tanya-tanya
tp,tapi
tpi,tapi
pi,tapi
to,tapi
tappi,tapi
tpii,tapi
tap8,tapi
tapo,tapi
tpy,tapi
tapii,tapi
tauu,tau
tauuuuu,tau
tw,tau
tauuu,tau
tauuuu,tau
taw,tau
autuhh,tau tuh
taux,taunya
tau2,tau-tau
tanyang,tayang
tebel,tebal
tegaar,tegar
teguran2,teguran-teguran
tehh,teh
tehhh,teh
tehhhh,teh
tah,teh
telaatt,telat
tlp,telepon
tlvn,telepon
telefisi,televisi
temenn,teman
tmen,teman
temen,teman
tmn,teman
tman,teman
temenkuuh,temanku
temennya,temannya
tmn2,teman-teman
temen-temen,teman-teman
temen2,teman-teman
teman2,teman-teman
"temen""",teman-teman
"teman""ny",teman-temannya
tmn2nya,teman-temannya
tmbm,tembam
tembemmm,tembem
tembokk,tembok
tmpt,tempat
tempt,tempat
t4,tempat
tempat2,tempat-tempat
tenny,tenang
tnang,tenang
tenggah,tengah
tengaj,tengah
tngh,tengah
tengah2,tengah-tengah
tgk,tengok
ttg,tentang
tntg,tentang
tentanh,tentang
tntram,tentram
terangkhn,terangkan
trsa,terasa
trasa,terasa
kebagi,terbagi
terbaikkk,terbaik
terrrrbaik,terbaik
trbaik,terbaik
terbaeq,terbaik
terbaiiikkkkk,terbaik
terbaeeeek,terbaik
trbaikk,terbaik
best,terbaik
kebalas,terbalas
kbawa,terbawa
kebawa,terbawa
kebayang,terbayang
kebongkar,terbongkar
kebukaaa,terbuka
trbukti,terbukti
kebukti,terbukti
terburu2,terburu-buru
trganggu,terganggu
thdp,terhadap
terharuuu,terharu
terhaaru,terharu
terharuuuu,terharu
trrharu,terharu
trhtung,terhitung
trima,terima
makasih,terima kasih
mksh,terima kasih
terimaksih,terima kasih
makasi,terima kasih
maacih,terima kasih
telimakacih,terima kasih
maksih,terima kasih
trims,terima kasih
mksih,terima kasih
mskasih,terima kasih
tks,terimakasih
teringt,teringat
keinget,teringat
trjadi,terjadi
trjd,terjadi
kejawab,terjawab
terjrumus,terjerumus
terkenall,terkenal
trknal,terkenal
trkrim,terkirim
trlalu,terlalu
trll,terlalu
trlihat,terlihat
kemakan,termakan
trmanis,termanis
trmsuk,termasuk
trmasuk,termasuk
termiribkan,termiripkan
termurahhhh,termurah
termurahhh,termurah
termuraaahhhh,termurah
ternodain,ternodai
trnyata,ternyata
ternyataa,ternyata
terong2an,terong-terongan
kpancing,terpancing
kepelesett,terpeleset
kepikir,terpikir
trpsah,terpisah
therchakitty,tersakiti
tsb,tersebut
trserah,terserah
trsrh,terserah
trserh,terserah
ketara,tertara
ketarik,tertarik
ketipu,tertipu
ketuker,tertukar
trus,terus
trs,terus
teruss,terus
teruzzz,terus
teruuss,terus
terossss,terus
teru,terus
trussss,terus
teyuss,terus
teruz,terus
terusss,terus
trusss,terus
truss,terus
trusan.a,terusannya
terus2an,terus-terusan
"terus""an",terus-terusan
trutama,terutama
testi,testimoni
testinya,testimoninya
tetep,tetap
ttep,tetap
tetapppp,tetap
ttp,tetap
ttap,tetap
tetp,tetap
tetaplaah,tetaplah
tteh,teteh
tetehh,teteh
tth,teteh
toketnya,teteknya
tiba2,tiba-tiba
ngga,tidak
gk,tidak
ga,tidak
gak,tidak
ngak,tidak
gag,tidak
g,tidak
engga,tidak
gga,tidak
gakk,tidak
nggak,tidak
ngk,tidak
nggk,tidak
tdk,tidak
gx,tidak
tidakkkk,tidak
engk,tidak
gaa,tidak
gg,tidak
nga,tidak
gkk,tidak
ngg,tidak
ngggk,tidak
tdak,tidak
gakkk,tidak
tak,tidak
gda,tidak ada
gada,tidak ada
gaada,tidak ada
gkkan,tidak akan
gpp,tidak apa-apa
gapap,tidak apa-apa
gakpapa,tidak apa-apa
gabakal,tidak bakal
gbs,tidak bisa
gabisa,tidak bisa
gaharus,tidak harus
gakuat,tidak kuat
gakwad,tidak kuat
gamau,tidak mau
gmau,tidak mau
gnyngka,tidak menyangka
gapake,tidak pakai
gaprgi,tidak pergi
gapernah,tidak pernah
gapunya,tidak punya
gksalah,tidak salah
gasalah,tidak salah
gasih,tidak sih
gksi,tidak sih
gatau,tidak tau
gtw,tidak tau
gtau,tidak tau
gataunya,tidak taunya
gausah,tidak usah
gausa,tidak usah
gakusah,tidak usah
"engga""",tidak-tidak
tdr,tidur
tdur,tidur
tiga2nya,tiga-tiganya
tikung2,tikung-tikung
tingal,tinggal
tinggall,tinggal
tinggl,tinggal
tinggalin,tinggalkan
tinggalkn,tinggalkan
ttinggi,tinggi
tipe2,tipe-tipe
tips2,tips-tips
tipu2nya,tipu-tipunya
tohh,toh
tolernsi,toleransi
toloollll,tolol
tlg,tolong
tlog,tolong
toup,topup
tup,topup
toupup,topup
transakai,transaksi
tranksaksi,transaksi
transanksinya,transaksi
transakasi,transaksi
bertransakai,transaksi
bertransaksilebih,transaksi
tf,transfer
tranfer,transfer
kirim,transfer
transper,transfer
tranper,transfer
transferx,transfer
transfr,transfer
transferrrr,transfer
troma,trauma
tuwek,tua
tuwanya,tuanya
tuany,tuanya
tua2,tua-tua
tbuh,tubuh
tdung,tudung
tuuh,tuh
tuhh,tuh
tuu,tuh
tuch,tuh
tuhhh,tuh
tuuuuh,tuh
yuh,tuh
tuhanny,tuhannya
tukan,tukang
tlsn,tulisan
tullus,tulus
tumpe2,tumpah-tumpah
tnggu,tunggu
tunggu2,tunggu-tunggu
tunjukan,tunjukkan
tunjukin,tunjukkan
trun,turun
tutorialx,tutorialnya
duit,uang
financial,uang
finansial,uang
finasial,uang
ubur2,ubur-ubur
uhh,uh
uhhh,uh
uuhh,uh
uih,uh
uuh,uh
uuhhh,uh
ujg,ujung
ujunggg,ujung
ujung2,ujung-ujung
ulan,ulang
ultha,ultah
ultahe,ultahnya
undangan2,undangan-undangan
download,unduh
downlodnya,unduh
ngedownload,unduh
downdloadnya,unduh
didownload,unduh
dowload,unduh
ngunduh,unduh
downloud,unduh
ungkapin,ungkapkan
ungkit2,ungkit-ungkit
uninstal,uninstall
unistal,uninstall
univ,universitas
tuk,untuk
utk,untuk
untk,untuk
utkmu,untukmu
unyuu,unyu
unyuuk,unyu
unyu2,unyu-unyu
diupdate,update
updet,update
apdet,update
abdet,update
apdate,update
upadete,update
updt,update
updte,update
updete,update
updatenya,update
updtae,update
dibupdate,update
updateaplikasi,update
diupdt,update
diupdet,update
updates,update
uptade,update
updatean,update
updateeeeeeee,update
updated,update
updeat,update
ngupdatenya,update
ngupdate,update
upded,update
upadet,update
mengupdate,update
updat,update
upadate,update
updateeeeeeeeeeee,update
diupgrade,upgrade
upgrad,upgrade
upgrede,upgrade
uprgate,upgrade
upgret,upgrade
upgreat,upgrade
aupgrade,upgrade
urat2nya,urat-uratnya
urusn,urusan
ursan,urusan
urusanny,urusannya
usahh,usah
ush,usah
usa,usah
uztad,ustad
ustzah,ustazah
uwakk,uwak
verivikasi,verifikasi
perifikasi,verifikasi
veripikasi,verifikasi
verikasi,verifikasi
perivikasi,verifikasi
verifiksi,verifikasi
verif,verifikasi
wado,waduh
wadaaw,waduh
wdooohhh,waduh
waduhh,waduh
waduhhh,waduh
waduuuuh,waduh
waoohhh,wah
wahh,wah
waaa,wah
uwahhhhh,wah
waaahhh,wah
wahhhhhh,wah
wahhh,wah
waah,wah
wjh,wajah
wajarrr,wajar
wajiiib,wajib
wkt,waktu
eakyu,waktu
wktu,waktu
wk,waktu
waktunyaaa,waktunya
wktunya,waktunya
oalaaaa,walah
owalaah,walah
wlo,walau
wlau,walau
wlwpun,walaupun
wlaupun,walaupun
wlawpun,walaupun
wanitah,wanita
warnaaa,warna
wrn,warna
warnany,warnanya
warkop,warung kopi
wik,wig
week,wig
wihhhhhh,wih
wiiiihhhh,wih
wihh,wih
wihhh,wih
weeeh,wih
wiih,wih
wiiiihhhhhhhhh,wih
wong2,wong-wong
wota2,wota-wota
woww,wow
waww,wow
woow,wow
wowwww,wow
woowwww,wow
wewww,wow
waw,wow
waaaaw,wow
wooowww,wow
wawwwww,wow
waaaww,wow
waaawwww,wow
wowww,wow
wouww,wow
wowwwww,wow
wooow,wow
wowoooww,wow
woey,woy
woooiiiiiiii,woy
woooiiiii,woy
woyyy,woy
woooyy,woy
yaa,ya
yah,ya
yeee,ya
yha,ya
yaaa,ya
yaaaaaa,ya
yakk,ya
yahhh,ya
yahh,ya
ea,ya
yaaa ,ya
yaaaa,ya
yak,ya
yach,ya
yaakkk,ya
yaahhh,ya
yaah,ya
yaak,ya
yahbh,ya
yachhh,ya
yuppss,ya
yup,ya
yeeee,ya
yaakk,ya
yee,ya
yeuh,ya
yh,ya
yhaaa,ya
yappp,ya
yaaah,ya
yo,ya
yya,ya
yep,ya
yam,ya
yyaaa,ya
yahhhh,ya
yooow,ya
yap,ya
ysh,ya
yaahh,ya
yapp,ya
yawlah,ya allah
yawloh,ya allah
yaolohh,ya allah
yaampuuuunnnn,ya ampun
yaaampunnn,ya ampun
yaudh,ya sudah
yaoloh,yaallah
yakaliiiii,yakali
yakinn,yakin
yg,yang
yng,yang
yanckh,yang
yaaang,yang
yq,yang
yaang,yang
yoiii,yoi
yoooiii,yoi
yoiiu,yoi
yokkk,yuk
yu,yuk
yuuuk,yuk
yuwkkk,yuk
yuuuuk,yuk
yukkkk,yuk
kuyy,yuk
yukk,yuk
yuuk,yuk
kuy,yuk
nyok,yuk
yuuks,yuk
yok,yuk
yuu,yuk
yuuu,yuk
yokk,yuk
yuks,yuk
yukss,yuk
yooookkk,yuk
kuyyy,yuk
yuukk,yuk
ayukk,yuk
yuuuukkk,yuk
yukkk,yuk
yook,yuk
yoookkkk,yuk
zama,zaman
